unix,date,symbol,open,high,low,close,Volume BTC,Volume USD
1618876800000.0,2021-04-20 00:00:00,BTC/USD,55686.0,55830.0,54742.0,54796.0,192.46919706000438,10546542.1221
1618790400000.0,2021-04-19 00:00:00,BTC/USD,56239.0,57607.0,54249.0,55686.0,5715.385599870704,318266962.5144
1618704000000.0,2021-04-18 00:00:00,BTC/USD,60051.0,60393.0,49880.0,56239.0,12996.806665915114,730927410.0844
1618617600000.0,2021-04-17 00:00:00,BTC/USD,61411.0,62575.0,59636.0,60051.0,3228.848331994471,193895571.1846
1618531200000.0,2021-04-16 00:00:00,BTC/USD,63233.0,63592.0,60022.0,61411.0,6497.242754571656,399002174.801
1618444800000.0,2021-04-15 00:00:00,BTC/USD,62959.0,63865.0,62013.0,63233.0,3790.5349827985387,239686898.5673
1618358400000.0,2021-04-14 00:00:00,BTC/USD,63587.0,64887.0,61263.0,62959.0,5720.4335442923175,360152775.5151
1618272000000.0,2021-04-13 00:00:00,BTC/USD,59819.0,63792.0,59788.0,63587.0,6023.979174257316,383046763.7535
1618185600000.0,2021-04-12 00:00:00,BTC/USD,59983.0,61274.0,59362.0,59819.0,4303.519022163527,257432204.3868
1618099200000.0,2021-04-11 00:00:00,BTC/USD,59772.0,60684.0,59150.0,59983.0,2444.160925747295,146608104.8091
1618012800000.0,2021-04-10 00:00:00,BTC/USD,58111.0,61288.0,57846.0,59772.0,6375.068716611457,381050607.3293
1617926400000.0,2021-04-09 00:00:00,BTC/USD,58092.0,58901.0,57655.0,58106.0,3535.1002803256115,205410536.8886
1617840000000.0,2021-04-08 00:00:00,BTC/USD,55926.0,58173.0,55666.0,58092.0,3233.3457235230326,187831519.7709
1617753600000.0,2021-04-07 00:00:00,BTC/USD,58008.0,58640.0,55421.0,55926.0,6150.68935493867,343983452.8643
1617667200000.0,2021-04-06 00:00:00,BTC/USD,59157.0,59509.0,57370.0,58008.0,4334.9292205161355,251460574.2237
1617580800000.0,2021-04-05 00:00:00,BTC/USD,58211.0,59308.0,56786.0,59157.0,3960.1834599438785,234272572.9399
1617494400000.0,2021-04-04 00:00:00,BTC/USD,57071.0,58514.0,56450.0,58211.0,2837.837904150418,165193382.2385
1617408000000.0,2021-04-03 00:00:00,BTC/USD,58960.0,59796.0,56899.0,57061.0,3891.6169550270765,222059555.0708
1617321600000.0,2021-04-02 00:00:00,BTC/USD,58721.0,60187.0,58428.0,58960.0,3288.84941786635,193910561.6774
1617235200000.0,2021-04-01 00:00:00,BTC/USD,58790.0,59517.0,57917.0,58721.0,4684.875377772858,275100567.0582
1617148800000.0,2021-03-31 00:00:00,BTC/USD,58775.0,59844.0,56800.0,58790.0,5682.250774844361,334059523.0531
1617062400000.0,2021-03-30 00:00:00,BTC/USD,57642.0,59401.0,57032.0,58775.0,5125.583240758826,301256154.9756
1616976000000.0,2021-03-29 00:00:00,BTC/USD,55775.0,58450.0,54885.0,57642.0,5883.4149582943,339131805.026
1616889600000.0,2021-03-28 00:00:00,BTC/USD,55844.0,56565.0,54680.0,55775.0,2762.4047676969967,154073125.9183
1616803200000.0,2021-03-27 00:00:00,BTC/USD,55063.0,56632.0,53944.0,55844.0,2503.364700950863,139797898.3599
1616716800000.0,2021-03-26 00:00:00,BTC/USD,51303.0,55112.0,51241.0,55063.0,4197.000482928645,231099437.5915
1616630400000.0,2021-03-25 00:00:00,BTC/USD,52258.0,53222.0,50414.0,51303.0,7457.640430345205,382599326.998
1616544000000.0,2021-03-24 00:00:00,BTC/USD,54351.0,57200.0,50061.0,52258.0,5477.962273175399,286267352.4716
1616457600000.0,2021-03-23 00:00:00,BTC/USD,54093.0,55862.0,52948.0,54351.0,4917.37200702655,267264085.9539
1616371200000.0,2021-03-22 00:00:00,BTC/USD,57361.0,58430.0,53655.0,54093.0,5441.964325877655,294372176.2797
1616284800000.0,2021-03-21 00:00:00,BTC/USD,58101.0,58639.0,55504.0,57351.0,4605.679593391571,264140330.3606
1616198400000.0,2021-03-20 00:00:00,BTC/USD,58043.0,59913.0,57828.0,58101.0,3275.8207553036955,190328461.7039
1616112000000.0,2021-03-19 00:00:00,BTC/USD,57623.0,59475.0,56248.0,58043.0,4273.309023646262,248035675.6595
1616025600000.0,2021-03-18 00:00:00,BTC/USD,58943.0,60125.0,57000.0,57623.0,4733.793933203756,272775407.813
1615939200000.0,2021-03-17 00:00:00,BTC/USD,56932.0,59000.0,54062.0,58925.0,5235.707475876114,308514063.016
1615852800000.0,2021-03-16 00:00:00,BTC/USD,55600.0,56945.0,53262.0,56931.0,4763.247067381567,271176418.7931
1615766400000.0,2021-03-15 00:00:00,BTC/USD,58970.0,60622.0,54651.0,55600.0,5855.722092960432,325578148.3686
1615680000000.0,2021-03-14 00:00:00,BTC/USD,61186.0,61678.0,58963.0,58970.0,2530.883700069527,149246211.7931
1615593600000.0,2021-03-13 00:00:00,BTC/USD,57242.0,61806.0,56016.0,61186.0,4019.3584873435098,245928468.4066
1615507200000.0,2021-03-12 00:00:00,BTC/USD,57812.0,58109.0,55042.0,57242.0,4646.195301446491,265957511.4454
1615420800000.0,2021-03-11 00:00:00,BTC/USD,55854.0,58174.0,54269.0,57821.0,6769.83210827381,391438462.3325
1615334400000.0,2021-03-10 00:00:00,BTC/USD,54889.0,57447.0,53037.0,55854.0,8006.741441721273,447208536.4859
1615248000000.0,2021-03-09 00:00:00,BTC/USD,52408.0,54931.0,51850.0,54889.0,5804.2874098544335,318591531.6395
1615161600000.0,2021-03-08 00:00:00,BTC/USD,51000.0,52430.0,49308.0,52408.0,5575.993864743933,292226686.4635
1615075200000.0,2021-03-07 00:00:00,BTC/USD,48913.0,51475.0,48913.0,51000.0,4084.9914760313723,208334565.2776
1614988800000.0,2021-03-06 00:00:00,BTC/USD,48751.0,49224.0,47040.0,48913.0,3680.1537200498847,180007358.9088
1614902400000.0,2021-03-05 00:00:00,BTC/USD,48362.0,49478.0,46281.0,48751.0,5021.572322904145,244806672.3139
1614816000000.0,2021-03-04 00:00:00,BTC/USD,50368.0,51808.0,47466.0,48362.0,4966.566840688971,240193105.5494
1614729600000.0,2021-03-03 00:00:00,BTC/USD,48480.0,52661.0,48159.0,50368.0,5322.001331281766,268058563.054
1614643200000.0,2021-03-02 00:00:00,BTC/USD,49631.0,50250.0,47046.0,48473.0,5800.4316111938615,281164321.4894
1614556800000.0,2021-03-01 00:00:00,BTC/USD,45231.0,49832.0,45043.0,49631.0,6239.813392704157,309688178.4933
1614470400000.0,2021-02-28 00:00:00,BTC/USD,46160.0,46666.0,43002.0,45231.0,7028.841352926091,317921523.2342
1614384000000.0,2021-02-27 00:00:00,BTC/USD,46291.0,48387.0,45028.0,46160.0,3964.353889521231,182994575.5403
1614297600000.0,2021-02-26 00:00:00,BTC/USD,47086.0,48469.0,44102.0,46291.0,6970.817027314164,322686091.0114
1614211200000.0,2021-02-25 00:00:00,BTC/USD,49710.0,52302.0,46679.0,47086.0,5921.649713093064,278826798.3907
1614124800000.0,2021-02-24 00:00:00,BTC/USD,48903.0,51382.0,46759.0,49710.0,5604.801101134581,278614662.7374
1614038400000.0,2021-02-23 00:00:00,BTC/USD,54075.0,54184.0,44851.0,48903.0,10630.784851043903,519877271.5706
1613952000000.0,2021-02-22 00:00:00,BTC/USD,57483.0,57559.0,47500.0,54075.0,8252.682232175683,446263791.7049
1613865600000.0,2021-02-21 00:00:00,BTC/USD,55899.0,58366.0,55502.0,57483.0,3405.982851347355,195786112.244
1613779200000.0,2021-02-20 00:00:00,BTC/USD,55937.0,57592.0,54000.0,55899.0,4506.33873168393,251899828.7624
1613692800000.0,2021-02-19 00:00:00,BTC/USD,51553.0,56416.0,50735.0,55937.0,4609.316115199242,257831315.5359
1613606400000.0,2021-02-18 00:00:00,BTC/USD,52138.0,52568.0,50874.0,51553.0,2566.2155593719085,132296110.7323
1613520000000.0,2021-02-17 00:00:00,BTC/USD,49146.0,52642.0,48945.0,52138.0,4404.097875110284,229620855.0125
1613433600000.0,2021-02-16 00:00:00,BTC/USD,47910.0,50666.0,47033.0,49152.0,5008.107350789388,246158492.506
1613347200000.0,2021-02-15 00:00:00,BTC/USD,48650.0,49044.0,45646.0,47910.0,3618.415119670215,173358268.3834
1613260800000.0,2021-02-14 00:00:00,BTC/USD,47215.0,49748.0,47071.0,48650.0,3425.9120210051387,166670619.8219
1613174400000.0,2021-02-13 00:00:00,BTC/USD,47388.0,48204.0,46232.0,47215.0,3046.85598893572,143857305.5176
1613088000000.0,2021-02-12 00:00:00,BTC/USD,48029.0,49047.0,46174.0,47388.0,3888.5854077424665,184272285.3021
1613001600000.0,2021-02-11 00:00:00,BTC/USD,44834.0,48736.0,44015.0,48029.0,3933.5288172125174,188923455.5619
1612915200000.0,2021-02-10 00:00:00,BTC/USD,46486.0,47381.0,43682.0,44834.0,4068.4254890261855,182403788.375
1612828800000.0,2021-02-09 00:00:00,BTC/USD,46428.0,48273.0,45075.0,46486.0,4268.2984798132775,198416123.1326
1612742400000.0,2021-02-08 00:00:00,BTC/USD,38867.0,46864.0,38046.0,46427.0,6322.737361196071,293545727.46825
1612656000000.0,2021-02-07 00:00:00,BTC/USD,39256.0,39747.0,37400.0,38867.0,4643.466329660123,180477605.8349
1612569600000.0,2021-02-06 00:00:00,BTC/USD,38333.0,40999.0,38258.0,39256.0,4075.938916807622,160005058.1182
1612483200000.0,2021-02-05 00:00:00,BTC/USD,36980.0,38367.0,36609.0,38346.0,2758.100443892453,105762119.6215
1612396800000.0,2021-02-04 00:00:00,BTC/USD,37687.0,38774.0,36178.0,36980.0,3509.5626545457003,129783626.9651
1612310400000.0,2021-02-03 00:00:00,BTC/USD,35521.0,37718.0,35409.0,37687.0,2974.6466890572347,112105509.7705
1612224000000.0,2021-02-02 00:00:00,BTC/USD,33545.0,36028.0,33453.0,35521.0,2650.482669741843,94147794.9119
1612137600000.0,2021-02-01 00:00:00,BTC/USD,33118.0,34718.0,32312.0,33545.0,3616.529007163512,121316465.5453
1612051200000.0,2021-01-31 00:00:00,BTC/USD,34299.0,34367.0,32190.0,33118.0,2233.2173526813212,73959692.2861
1611964800000.0,2021-01-30 00:00:00,BTC/USD,34242.0,34930.0,32827.0,34299.0,2982.590702247879,102299878.4964
1611878400000.0,2021-01-29 00:00:00,BTC/USD,33443.0,38644.0,31975.0,34238.0,10503.829669755827,359630120.2331
1611792000000.0,2021-01-28 00:00:00,BTC/USD,30409.0,33829.0,29869.0,33443.0,4307.505359492271,144055901.7375
1611705600000.0,2021-01-27 00:00:00,BTC/USD,32502.0,33005.0,29246.0,30409.0,6478.317620789898,196999160.5306
1611619200000.0,2021-01-26 00:00:00,BTC/USD,32257.0,32936.0,30846.0,32502.0,4012.8790574672325,130426595.1258
1611532800000.0,2021-01-25 00:00:00,BTC/USD,32304.0,34875.0,31913.0,32257.0,5687.378830650711,183457778.9403
1611446400000.0,2021-01-24 00:00:00,BTC/USD,32092.0,33108.0,30946.0,32304.0,2313.9496169174095,74749828.4249
1611360000000.0,2021-01-23 00:00:00,BTC/USD,32994.0,33489.0,31431.0,32092.0,2036.5505863922472,65356981.4185
1611273600000.0,2021-01-22 00:00:00,BTC/USD,30848.0,33861.0,28820.0,32994.0,3810.5213448990726,125724341.2536
1611187200000.0,2021-01-21 00:00:00,BTC/USD,35480.0,35614.0,30030.0,30848.0,5629.459265012319,173657559.4071
1611100800000.0,2021-01-20 00:00:00,BTC/USD,35902.0,36400.0,33384.0,35480.0,4234.994101530439,150257590.7223
1611014400000.0,2021-01-19 00:00:00,BTC/USD,36646.0,37880.0,35884.0,35902.0,2572.2680037323826,92349565.87
1610928000000.0,2021-01-18 00:00:00,BTC/USD,35817.0,37449.0,34765.0,36646.0,1854.0510214047918,67943553.7304
1610841600000.0,2021-01-17 00:00:00,BTC/USD,35999.0,36866.0,33832.0,35817.0,2463.8727859535975,88248531.5745
1610755200000.0,2021-01-16 00:00:00,BTC/USD,36739.0,37948.0,35370.0,35999.0,3234.527465054585,116439754.2145
1610668800000.0,2021-01-15 00:00:00,BTC/USD,39122.0,39700.0,34381.0,36739.0,4946.061725177605,181713361.7213
1610582400000.0,2021-01-14 00:00:00,BTC/USD,37374.0,40120.0,36753.0,39122.0,3651.74323430295,142863498.8124
1610496000000.0,2021-01-13 00:00:00,BTC/USD,34021.0,37847.0,32325.0,37374.0,3500.143554987424,130814365.2241
1610409600000.0,2021-01-12 00:00:00,BTC/USD,35484.0,36682.0,32484.0,34021.0,5140.601405693542,174888400.4231
1610323200000.0,2021-01-11 00:00:00,BTC/USD,38158.0,38330.0,30255.0,35484.0,11816.216765268855,419286635.6988
1610236800000.0,2021-01-10 00:00:00,BTC/USD,40234.0,41447.0,35001.0,38162.0,5009.609047869609,191176700.4848
1610150400000.0,2021-01-09 00:00:00,BTC/USD,40625.0,41410.0,38780.0,40234.0,1867.2538837711886,75127092.75965
1610064000000.0,2021-01-08 00:00:00,BTC/USD,39485.0,42000.0,36548.0,40625.0,4653.356398828308,189042603.7024
1609977600000.0,2021-01-07 00:00:00,BTC/USD,36871.5,40428.0,36260.0,39485.0,4871.415589445359,192347844.54925
1609891200000.0,2021-01-06 00:00:00,BTC/USD,34034.5,37038.0,33367.0,36871.5,2966.8805717830846,109393337.0025
1609804800000.0,2021-01-05 00:00:00,BTC/USD,32005.0,34499.5,29923.5,34034.5,3890.4886808796955,132410837.0094
1609718400000.0,2021-01-04 00:00:00,BTC/USD,33045.5,33658.5,27700.5,32005.0,5567.896969298547,178200542.5024
1609632000000.0,2021-01-03 00:00:00,BTC/USD,32201.5,34809.5,31978.0,33045.5,4449.0010938872165,147019465.64805
1609545600000.0,2021-01-02 00:00:00,BTC/USD,29399.0,33349.5,29023.5,32201.5,7900.30905719454,254401802.10525
1609459200000.0,2021-01-01 00:00:00,BTC/USD,28965.0,29691.5,28700.0,29399.0,5856.8678913755575,172186059.13855
1609372800000.0,2020-12-31 00:00:00,BTC/USD,28879.5,29317.0,27938.5,28965.0,16519.37962053513,478483830.7088
1609286400000.0,2020-12-30 00:00:00,BTC/USD,27365.5,29005.0,27336.0,28879.5,4005.6911410741186,115682357.30865
1609200000000.0,2020-12-29 00:00:00,BTC/USD,27033.0,27396.5,25826.5,27365.5,4568.863397264804,125029231.29785
1609113600000.0,2020-12-28 00:00:00,BTC/USD,26245.5,27473.5,26077.0,27033.0,3646.393062157363,98572943.6493
1609027200000.0,2020-12-27 00:00:00,BTC/USD,26459.0,28381.0,25800.0,26245.5,4837.202720060582,126954803.98935
1608940800000.0,2020-12-26 00:00:00,BTC/USD,24697.5,26828.5,24480.0,26459.0,3505.2651094599196,92745809.5312
1608854400000.0,2020-12-25 00:00:00,BTC/USD,23717.5,24773.5,23409.0,24697.5,3963.9970547201133,97900817.25895
1608768000000.0,2020-12-24 00:00:00,BTC/USD,23220.5,23783.0,22702.0,23717.5,2132.561939272689,50579037.7947
1608681600000.0,2020-12-23 00:00:00,BTC/USD,23819.5,24131.5,22604.5,23220.5,4634.497689222885,107615353.5926
1608595200000.0,2020-12-22 00:00:00,BTC/USD,22728.0,23845.5,22370.0,23819.5,3424.4670326287287,81569092.4837
1608508800000.0,2020-12-21 00:00:00,BTC/USD,23476.0,24130.0,21910.5,22728.0,4733.4118468629,107580984.4555
1608422400000.0,2020-12-20 00:00:00,BTC/USD,23851.0,24299.5,23010.5,23478.0,2029.139356320811,47640133.8077
1608336000000.0,2020-12-19 00:00:00,BTC/USD,23136.0,24193.5,22772.0,23851.0,2150.372472265314,51288533.836
1608249600000.0,2020-12-18 00:00:00,BTC/USD,22808.5,23300.0,22338.0,23136.0,2098.117976186463,48542057.49705
1608163200000.0,2020-12-17 00:00:00,BTC/USD,21358.5,23775.0,21255.0,22808.5,6506.856404978406,148411634.31295
1608076800000.0,2020-12-16 00:00:00,BTC/USD,19438.0,21576.5,19290.5,21358.5,3382.3751606433034,72242459.8686
1607990400000.0,2020-12-15 00:00:00,BTC/USD,19275.0,19568.5,19056.0,19438.0,1948.9632356646773,37883947.37485
1607904000000.0,2020-12-14 00:00:00,BTC/USD,19163.5,19349.5,19002.0,19275.0,1427.0891040622569,27507142.4808
1607817600000.0,2020-12-13 00:00:00,BTC/USD,18815.5,19415.5,18729.0,19163.5,1952.3847389359983,37414524.9446
1607731200000.0,2020-12-12 00:00:00,BTC/USD,18038.5,18960.0,18021.0,18815.5,1056.051966979352,19870145.7847
1607644800000.0,2020-12-11 00:00:00,BTC/USD,18252.0,18288.0,17572.0,18038.5,2339.4192080993435,42199613.3853
1607558400000.0,2020-12-10 00:00:00,BTC/USD,18549.5,18557.5,17910.0,18252.0,1752.588441970743,31988244.24285
1607472000000.0,2020-12-09 00:00:00,BTC/USD,18314.5,18639.0,17639.0,18549.5,2003.9140292730262,37171603.286
1607385600000.0,2020-12-08 00:00:00,BTC/USD,19184.0,19299.5,18166.0,18314.5,2634.5143889459173,48249813.77635
1607299200000.0,2020-12-07 00:00:00,BTC/USD,19376.0,19431.5,18911.0,19184.0,1269.1776897909715,24347904.80095
1607212800000.0,2020-12-06 00:00:00,BTC/USD,19160.5,19429.5,18878.0,19376.0,1419.9321987226467,27512606.28245
1607126400000.0,2020-12-05 00:00:00,BTC/USD,18659.0,19180.0,18505.5,19160.5,1298.1070448631299,24872380.0331
1607040000000.0,2020-12-04 00:00:00,BTC/USD,19444.5,19539.5,18554.5,18659.0,3251.905055833646,60677296.4368
1606953600000.0,2020-12-03 00:00:00,BTC/USD,19220.5,19620.5,18859.0,19444.5,2048.7099093394017,39836139.83215
1606867200000.0,2020-12-02 00:00:00,BTC/USD,18780.0,19347.0,18340.5,19220.5,1961.721614866939,37705270.29855
1606780800000.0,2020-12-01 00:00:00,BTC/USD,19703.0,19923.5,17931.0,18780.0,3161.0090482694354,59363749.9265
1606694400000.0,2020-11-30 00:00:00,BTC/USD,18194.5,19883.5,18194.5,19703.0,3135.486997343044,61778500.30865
1606608000000.0,2020-11-29 00:00:00,BTC/USD,17726.0,18350.0,17538.0,18194.5,1090.3329300585342,19838062.49595
1606521600000.0,2020-11-28 00:00:00,BTC/USD,17147.0,17888.5,16881.5,17726.0,1103.4049705291661,19558956.5076
1606435200000.0,2020-11-27 00:00:00,BTC/USD,17150.5,17468.5,16432.0,17147.0,2047.2144721467314,35103586.5539
1606348800000.0,2020-11-26 00:00:00,BTC/USD,18721.5,18915.0,16200.0,17150.5,6128.7095441386555,105110433.03675
1606262400000.0,2020-11-25 00:00:00,BTC/USD,19167.5,19509.0,18512.0,18721.5,3450.273088542585,64594287.62715
1606176000000.0,2020-11-24 00:00:00,BTC/USD,18382.5,19436.0,18063.5,19167.5,3980.4262447397937,76294820.04605
1606089600000.0,2020-11-23 00:00:00,BTC/USD,18437.5,18778.5,18015.5,18382.5,1847.5682933469334,33962924.15245
1606003200000.0,2020-11-22 00:00:00,BTC/USD,18717.0,18768.5,17629.5,18437.5,2047.1452557315254,37744240.65255
1605916800000.0,2020-11-21 00:00:00,BTC/USD,18673.5,18984.0,18354.0,18717.0,1494.294048469306,27968701.7052
1605830400000.0,2020-11-20 00:00:00,BTC/USD,17824.5,18828.0,17769.0,18673.5,2469.5441848903524,46115033.33655
1605744000000.0,2020-11-19 00:00:00,BTC/USD,17792.5,18184.5,17358.0,17824.5,1875.9191918090269,33437321.6344
1605657600000.0,2020-11-18 00:00:00,BTC/USD,17683.0,18491.5,17250.0,17792.5,4242.481658358859,75484354.90635
1605571200000.0,2020-11-17 00:00:00,BTC/USD,16722.5,17873.0,16567.5,17683.0,3842.0737373239836,67939389.8971
1605484800000.0,2020-11-16 00:00:00,BTC/USD,15971.5,16894.5,15878.0,16722.5,2559.8253179698013,42806678.87975
1605398400000.0,2020-11-15 00:00:00,BTC/USD,16080.5,16174.5,15787.0,15971.5,758.4178949128135,12113071.4086
1605312000000.0,2020-11-14 00:00:00,BTC/USD,16337.0,16340.5,15721.5,16080.5,866.4400973663754,13932789.9857
1605225600000.0,2020-11-13 00:00:00,BTC/USD,16300.0,16490.0,15967.5,16337.0,2444.1180045173533,39929555.8398
1605139200000.0,2020-11-12 00:00:00,BTC/USD,15700.5,16360.0,15460.0,16300.0,3101.87049907362,50560489.1349
1605052800000.0,2020-11-11 00:00:00,BTC/USD,15313.5,16011.5,15293.5,15700.5,1838.0277890099042,28857955.30135
1604966400000.0,2020-11-10 00:00:00,BTC/USD,15338.5,15481.0,15094.0,15313.5,1235.9362853952396,18926510.3064
1604880000000.0,2020-11-09 00:00:00,BTC/USD,15485.5,15853.0,14817.5,15338.5,3827.666433422434,58710661.58905
1604793600000.0,2020-11-08 00:00:00,BTC/USD,14838.0,15667.0,14729.0,15485.5,1151.519533047044,17831855.729
1604707200000.0,2020-11-07 00:00:00,BTC/USD,15600.0,15776.0,14349.0,14838.0,3437.4145241103924,51004356.70875
1604620800000.0,2020-11-06 00:00:00,BTC/USD,15608.0,15974.0,15185.5,15600.0,4384.18244101282,68393246.0798
1604534400000.0,2020-11-05 00:00:00,BTC/USD,14166.0,15765.0,14115.5,15608.0,4503.916981692081,70297136.25025
1604448000000.0,2020-11-04 00:00:00,BTC/USD,14033.5,14274.0,13534.0,14166.0,2777.160496315121,39341255.5908
1604361600000.0,2020-11-03 00:00:00,BTC/USD,13567.0,14074.0,13292.0,14033.5,2764.201657441123,38791423.9597
1604275200000.0,2020-11-02 00:00:00,BTC/USD,13768.5,13846.0,13214.5,13567.0,2584.6888169971257,35066473.1802
1604188800000.0,2020-11-01 00:00:00,BTC/USD,13802.5,13908.0,13634.5,13768.5,2114.357928267422,29111537.13535
1604102400000.0,2020-10-31 00:00:00,BTC/USD,13569.5,14101.0,13430.0,13802.5,2719.9181216989678,37541669.87475
1604016000000.0,2020-10-30 00:00:00,BTC/USD,13468.5,13678.5,13128.0,13569.5,3160.287415744869,42883520.08795
1603929600000.0,2020-10-29 00:00:00,BTC/USD,13277.5,13655.0,12983.0,13468.5,2711.9336830085017,36525678.8096
1603843200000.0,2020-10-28 00:00:00,BTC/USD,13642.0,13862.0,12897.0,13277.5,3513.7804207945774,46654219.5371
1603756800000.0,2020-10-27 00:00:00,BTC/USD,13069.5,13792.5,13064.0,13642.0,2659.522995862044,36281212.70955
1603670400000.0,2020-10-26 00:00:00,BTC/USD,13044.0,13245.5,12780.0,13069.5,2199.9775229733345,28752606.2365
1603584000000.0,2020-10-25 00:00:00,BTC/USD,13124.0,13361.0,12908.5,13044.0,2333.236934506286,30434742.5737
1603497600000.0,2020-10-24 00:00:00,BTC/USD,12938.0,13175.5,12883.0,13124.0,1161.8068783069186,15247553.4709
1603411200000.0,2020-10-23 00:00:00,BTC/USD,12988.0,13037.5,12729.0,12938.0,6159.1015949258,79686456.43515
1603324800000.0,2020-10-22 00:00:00,BTC/USD,12807.0,13200.5,12625.5,12988.0,9850.989244783646,127944648.31125
1603238400000.0,2020-10-21 00:00:00,BTC/USD,11921.5,13245.5,11901.0,12807.0,11153.513500823768,142843047.40505
1603152000000.0,2020-10-20 00:00:00,BTC/USD,11759.0,12052.5,11689.5,11921.5,4701.163554355576,56044921.31325
1603065600000.0,2020-10-19 00:00:00,BTC/USD,11510.0,11835.5,11417.5,11759.0,3783.008049115571,44484391.64955
1602979200000.0,2020-10-18 00:00:00,BTC/USD,11365.0,11514.5,11351.5,11510.0,1790.383167688966,20607310.2601
1602892800000.0,2020-10-17 00:00:00,BTC/USD,11326.5,11408.5,11270.5,11365.0,1941.294818024637,22062815.60685
1602806400000.0,2020-10-16 00:00:00,BTC/USD,11510.0,11548.5,11200.0,11326.5,5506.754243212819,62372251.93575
1602720000000.0,2020-10-15 00:00:00,BTC/USD,11427.0,11619.5,11266.0,11510.0,3305.0683551911384,38041336.76825
1602633600000.0,2020-10-14 00:00:00,BTC/USD,11427.0,11554.5,11296.0,11427.0,1931.04340189026,22066032.9534
1602547200000.0,2020-10-13 00:00:00,BTC/USD,11535.5,11559.5,11313.5,11427.0,4470.117334650389,51080030.78305
1602460800000.0,2020-10-12 00:00:00,BTC/USD,11373.0,11727.0,11200.0,11535.5,4812.480877495557,55514373.16235
1602374400000.0,2020-10-11 00:00:00,BTC/USD,11298.0,11443.0,11280.5,11373.0,2916.1835669348457,33165755.70675
1602288000000.0,2020-10-10 00:00:00,BTC/USD,11058.0,11490.5,11057.5,11298.0,3521.440611046203,39785236.0236
1602201600000.0,2020-10-09 00:00:00,BTC/USD,10930.5,11110.5,10826.5,11058.5,2768.3305169010264,30613583.02115
1602115200000.0,2020-10-08 00:00:00,BTC/USD,10669.0,10967.5,10535.0,10930.5,2436.0265548602533,26626988.2579
1602028800000.0,2020-10-07 00:00:00,BTC/USD,10602.5,10681.0,10544.0,10669.0,1415.882965704377,15106055.3611
1601942400000.0,2020-10-06 00:00:00,BTC/USD,10800.0,10805.5,10523.0,10602.5,3452.9148083282244,36609529.2553
1601856000000.0,2020-10-05 00:00:00,BTC/USD,10669.5,10804.0,10624.0,10800.0,3231.561778972222,34900867.2129
1601769600000.0,2020-10-04 00:00:00,BTC/USD,10550.0,10701.0,10526.0,10669.5,2375.24414608932,25342667.4167
1601683200000.0,2020-10-03 00:00:00,BTC/USD,10573.5,10610.5,10500.0,10550.0,2604.1073200947867,27473332.227
1601596800000.0,2020-10-02 00:00:00,BTC/USD,10614.0,10663.5,10380.5,10573.5,10679.230791327374,112916846.7721
1601510400000.0,2020-10-01 00:00:00,BTC/USD,10777.5,10950.5,10448.0,10614.0,8489.285137003015,90105272.44415
1601424000000.0,2020-09-30 00:00:00,BTC/USD,10841.5,10849.5,10660.5,10777.5,3103.6097300162373,33449153.86525
1601337600000.0,2020-09-29 00:00:00,BTC/USD,10690.5,10867.5,10637.0,10841.5,3422.8455816261585,37108780.3732
1601251200000.0,2020-09-28 00:00:00,BTC/USD,10775.5,10951.0,10633.5,10690.5,4842.806826799495,51772026.3819
1601164800000.0,2020-09-27 00:00:00,BTC/USD,10731.0,10804.0,10595.5,10775.5,2852.84118987054,30740790.24145
1601078400000.0,2020-09-26 00:00:00,BTC/USD,10692.5,10831.0,10655.5,10731.0,4548.278079997204,48807572.07645
1600992000000.0,2020-09-25 00:00:00,BTC/USD,10744.5,10763.5,10558.0,10692.5,2459.1833678512976,26294818.16075
1600905600000.0,2020-09-24 00:00:00,BTC/USD,10239.5,10808.5,10191.5,10745.0,4239.744201270358,45556051.44265
1600819200000.0,2020-09-23 00:00:00,BTC/USD,10533.5,10539.0,10136.5,10239.5,4688.279307759168,48005635.9718
1600732800000.0,2020-09-22 00:00:00,BTC/USD,10419.0,10577.5,10360.0,10533.5,2833.1759049461243,29843258.39475
1600646400000.0,2020-09-21 00:00:00,BTC/USD,10919.5,10994.0,10285.0,10419.0,3496.382332119205,36428807.51835
1600560000000.0,2020-09-20 00:00:00,BTC/USD,11082.5,11082.5,10763.0,10919.5,1344.8104981043089,14684658.23405
1600473600000.0,2020-09-19 00:00:00,BTC/USD,10937.0,11181.0,10892.0,11082.5,1433.8804254545455,15890979.8151
1600387200000.0,2020-09-18 00:00:00,BTC/USD,10943.0,11043.5,10816.0,10937.0,1507.175207945506,16483975.2493
1600300800000.0,2020-09-17 00:00:00,BTC/USD,10954.5,11047.0,10742.0,10943.0,2572.1082065110118,28146580.10385
1600214400000.0,2020-09-16 00:00:00,BTC/USD,10785.5,11098.5,10660.5,10954.5,4098.365901912456,44895549.2725
1600128000000.0,2020-09-15 00:00:00,BTC/USD,10676.5,10937.0,10621.0,10785.5,3888.7351103657684,41941952.53285
1600041600000.0,2020-09-14 00:00:00,BTC/USD,10332.5,10757.5,10252.5,10676.5,2547.1964068795955,27195142.43805
1599955200000.0,2020-09-13 00:00:00,BTC/USD,10442.0,10584.0,10212.0,10332.5,2283.43670091459,23593609.7122
1599868800000.0,2020-09-12 00:00:00,BTC/USD,10394.0,10479.0,10273.0,10442.0,1580.73585410362,16506043.78855
1599782400000.0,2020-09-11 00:00:00,BTC/USD,10340.5,10407.5,10202.5,10394.5,2806.9813622925585,29177167.77035
1599696000000.0,2020-09-10 00:00:00,BTC/USD,10221.0,10490.0,10216.5,10340.5,4612.787552724723,47698529.68895
1599609600000.0,2020-09-09 00:00:00,BTC/USD,10126.5,10349.5,9983.0,10221.0,2647.670021690637,27061835.2917
1599523200000.0,2020-09-08 00:00:00,BTC/USD,10374.0,10442.5,9850.0,10126.5,6412.1987385078755,64933130.5255
1599436800000.0,2020-09-07 00:00:00,BTC/USD,10256.5,10410.0,9879.5,10374.0,4338.835793112589,45011082.51775
1599350400000.0,2020-09-06 00:00:00,BTC/USD,10169.0,10351.0,9991.5,10256.5,1002.1656934041827,10278712.4344
1599264000000.0,2020-09-05 00:00:00,BTC/USD,10455.5,10569.0,9837.0,10167.5,2212.2267635800345,22492815.6187
1599177600000.0,2020-09-04 00:00:00,BTC/USD,10165.0,10636.0,9825.0,10455.5,2400.408012978815,25097465.9797
1599091200000.0,2020-09-03 00:00:00,BTC/USD,11396.5,11475.0,9850.0,10165.0,3031.9667723266107,30819942.2407
1599004800000.0,2020-09-02 00:00:00,BTC/USD,11924.5,11957.5,11133.0,11396.5,2126.9586245513974,24239883.9647
1598918400000.0,2020-09-01 00:00:00,BTC/USD,11654.5,12064.0,11529.0,11925.0,3325.612266020964,39657926.2723
1598832000000.0,2020-08-31 00:00:00,BTC/USD,11713.0,11780.5,11576.5,11654.5,1980.0680856750612,23076703.5045
1598745600000.0,2020-08-30 00:00:00,BTC/USD,11473.5,11721.0,11463.5,11714.5,1096.3730902087157,12843462.56525
1598659200000.0,2020-08-29 00:00:00,BTC/USD,11534.5,11587.0,11430.0,11473.5,1371.454722599904,15735385.75975
1598572800000.0,2020-08-28 00:00:00,BTC/USD,11333.0,11552.5,11280.5,11534.5,1806.2174342104122,20833814.9949
1598486400000.0,2020-08-27 00:00:00,BTC/USD,11467.0,11592.5,11128.5,11333.0,4085.9348817921114,46305900.01535
1598400000000.0,2020-08-26 00:00:00,BTC/USD,11327.5,11545.5,11254.0,11467.0,2737.036768269818,31385600.62175
1598313600000.0,2020-08-25 00:00:00,BTC/USD,11752.0,11769.0,11113.0,11327.5,2971.1630559081877,33655849.5158
1598227200000.0,2020-08-24 00:00:00,BTC/USD,11653.0,11829.5,11594.0,11752.0,660.6489517741661,7763946.48125
1598140800000.0,2020-08-23 00:00:00,BTC/USD,11671.0,11718.5,11525.5,11653.0,1598.9351896550245,18632391.76505
1598054400000.0,2020-08-22 00:00:00,BTC/USD,11530.0,11692.0,11369.5,11673.5,2496.2698205122715,29140205.74975
1597968000000.0,2020-08-21 00:00:00,BTC/USD,11863.0,11887.0,11483.0,11530.0,2118.9527734518647,24431525.4779
1597881600000.0,2020-08-20 00:00:00,BTC/USD,11757.0,11894.5,11677.0,11864.0,946.6358995701281,11230888.3125
1597795200000.0,2020-08-19 00:00:00,BTC/USD,11954.5,12022.5,11565.5,11757.0,601.0116496385133,7066093.9648
1597708800000.0,2020-08-18 00:00:00,BTC/USD,12297.0,12402.0,11811.5,11954.5,826.107952507424,9875707.51825
1597622400000.0,2020-08-17 00:00:00,BTC/USD,11917.5,12485.5,11716.0,12297.0,1014.4265678010896,12474403.50425
1597536000000.0,2020-08-16 00:00:00,BTC/USD,11858.5,11940.5,11691.5,11917.5,526.4563426515629,6274043.46355
1597449600000.0,2020-08-15 00:00:00,BTC/USD,11775.5,11991.5,11689.5,11858.5,836.145308259898,9915429.138
1597363200000.0,2020-08-14 00:00:00,BTC/USD,11798.0,11863.5,11656.0,11775.5,773.2729902679291,9105676.0969
1597276800000.0,2020-08-13 00:00:00,BTC/USD,11569.5,11811.0,11274.5,11798.0,716.6599591329039,8455154.19785
1597190400000.0,2020-08-12 00:00:00,BTC/USD,11388.0,11628.0,11155.0,11569.5,516.0279249060029,5970185.0772
1597104000000.0,2020-08-11 00:00:00,BTC/USD,11903.0,11944.5,11123.5,11388.0,996.2700810063224,11345523.6825
1597017600000.0,2020-08-10 00:00:00,BTC/USD,11687.0,12079.5,11534.0,11903.0,823.0313739813491,9796542.4445
1596931200000.0,2020-08-09 00:00:00,BTC/USD,11768.0,11800.0,11534.0,11687.0,407.2315017883118,4759314.5614
1596844800000.0,2020-08-08 00:00:00,BTC/USD,11608.5,11814.0,11527.0,11768.0,676.738105421482,7963854.0246
1596758400000.0,2020-08-07 00:00:00,BTC/USD,11772.0,11920.5,11331.0,11604.0,2368.0679644993106,27479060.66005
1596672000000.0,2020-08-06 00:00:00,BTC/USD,11756.0,11913.0,11575.0,11772.0,1643.8813499447842,19351771.25155
1596585600000.0,2020-08-05 00:00:00,BTC/USD,11199.5,11795.5,11103.0,11756.5,2088.8175825926082,24557183.90975
1596499200000.0,2020-08-04 00:00:00,BTC/USD,11234.0,11422.5,11024.0,11199.5,1718.0740702397427,19241570.54965
1596412800000.0,2020-08-03 00:00:00,BTC/USD,11070.0,11480.5,10931.0,11234.0,918.6886440537653,10320548.2273
1596326400000.0,2020-08-02 00:00:00,BTC/USD,11816.0,12115.5,10727.5,11070.0,1387.5243634688347,15359894.7036
1596240000000.0,2020-08-01 00:00:00,BTC/USD,11352.0,11885.5,11236.0,11816.0,1923.0087571386257,22722271.47435
1596153600000.0,2020-07-31 00:00:00,BTC/USD,11114.0,11460.0,10971.5,11352.0,2389.4518979827344,27125057.9459
1596067200000.0,2020-07-30 00:00:00,BTC/USD,11113.0,11188.0,10828.0,11114.0,694.648563626957,7720324.13615
1595980800000.0,2020-07-29 00:00:00,BTC/USD,10929.0,11353.0,10848.5,11113.0,1236.433917106092,13740490.1208
1595894400000.0,2020-07-28 00:00:00,BTC/USD,11046.0,11259.5,10580.5,10929.5,1758.8378680223248,19223218.47855
1595808000000.0,2020-07-27 00:00:00,BTC/USD,9943.0,11420.0,9936.5,11046.0,2682.439800144849,29630230.0324
1595721600000.0,2020-07-26 00:00:00,BTC/USD,9711.0,10201.5,9657.5,9941.5,988.7787902831564,9829944.3436
1595635200000.0,2020-07-25 00:00:00,BTC/USD,9549.5,9749.0,9535.0,9711.0,738.2633492688703,7169275.38475
1595548800000.0,2020-07-24 00:00:00,BTC/USD,9610.5,9648.5,9476.5,9552.0,591.1023806113903,5646209.9396
1595462400000.0,2020-07-23 00:00:00,BTC/USD,9537.0,9682.5,9451.5,9610.5,653.6334993028458,6281744.74505
1595376000000.0,2020-07-22 00:00:00,BTC/USD,9394.5,9570.5,9276.0,9538.0,542.4773146676451,5174148.6273
1595289600000.0,2020-07-21 00:00:00,BTC/USD,9163.0,9442.5,9155.5,9394.0,761.7088010538641,7155492.4771
1595203200000.0,2020-07-20 00:00:00,BTC/USD,9213.5,9226.0,9130.5,9163.0,445.7209396322165,4084140.96985
1595116800000.0,2020-07-19 00:00:00,BTC/USD,9172.0,9241.0,9103.0,9213.5,350.25907117816246,3227111.9523
1595030400000.0,2020-07-18 00:00:00,BTC/USD,9153.0,9209.5,9124.5,9172.5,257.55664129735624,2362438.2923
1594944000000.0,2020-07-17 00:00:00,BTC/USD,9130.5,9182.0,9080.0,9153.0,378.2630089697367,3462241.3211
1594857600000.0,2020-07-16 00:00:00,BTC/USD,9190.0,9217.5,9032.5,9130.5,578.3655947428947,5280767.0628
1594771200000.0,2020-07-15 00:00:00,BTC/USD,9257.5,9273.5,9153.5,9190.0,454.5862328073993,4177647.4795
1594684800000.0,2020-07-14 00:00:00,BTC/USD,9237.5,9278.5,9108.0,9257.5,728.2777366459627,6742031.147
1594598400000.0,2020-07-13 00:00:00,BTC/USD,9305.0,9341.0,9196.5,9237.5,553.3017622462787,5111125.02875
1594512000000.0,2020-07-12 00:00:00,BTC/USD,9233.0,9344.5,9156.0,9305.0,559.5153574476088,5206290.40105
1594425600000.0,2020-07-11 00:00:00,BTC/USD,9291.0,9301.0,9180.5,9233.0,310.41543899057723,2866065.7482
1594339200000.0,2020-07-10 00:00:00,BTC/USD,9235.5,9316.5,9112.5,9291.0,473.11888504466685,4395747.56095
1594252800000.0,2020-07-09 00:00:00,BTC/USD,9438.5,9443.5,9159.5,9235.5,599.4168225488604,5535914.06465
1594166400000.0,2020-07-08 00:00:00,BTC/USD,9255.5,9478.5,9234.5,9438.5,514.3630514859352,4854815.66145
1594080000000.0,2020-07-07 00:00:00,BTC/USD,9342.0,9380.5,9206.5,9255.5,403.4099585867862,3733760.8717
1593993600000.0,2020-07-06 00:00:00,BTC/USD,9076.0,9379.0,9064.0,9342.0,675.1692685292228,6307431.3066
1593907200000.0,2020-07-05 00:00:00,BTC/USD,9140.0,9146.5,8906.5,9076.0,370.1854826300132,3359803.44035
1593820800000.0,2020-07-04 00:00:00,BTC/USD,9058.5,9194.5,9044.5,9140.0,423.4591778282276,3870416.88535
1593734400000.0,2020-07-03 00:00:00,BTC/USD,9089.0,9124.5,9041.5,9058.5,292.15688496991777,2646503.1425
1593648000000.0,2020-07-02 00:00:00,BTC/USD,9238.5,9267.0,8941.0,9089.0,796.8786825998459,7242830.34615
1593561600000.0,2020-07-01 00:00:00,BTC/USD,9136.0,9297.0,9088.5,9238.5,606.3784310007036,5602027.1348
1593475200000.0,2020-06-30 00:00:00,BTC/USD,9183.5,9200.5,9056.0,9136.0,737.8682035847198,6741163.90795
1593388800000.0,2020-06-29 00:00:00,BTC/USD,9114.0,9234.5,9015.0,9190.0,873.2635340261154,8025291.8777
1593302400000.0,2020-06-28 00:00:00,BTC/USD,9004.0,9189.5,8931.0,9114.0,783.7730991496599,7143308.02565
1593216000000.0,2020-06-27 00:00:00,BTC/USD,9154.0,9186.5,8820.5,9004.0,1343.3240358396267,12095289.6187
1593129600000.0,2020-06-26 00:00:00,BTC/USD,9239.5,9291.0,9030.5,9154.0,1481.906259744374,13565369.9017
1593043200000.0,2020-06-25 00:00:00,BTC/USD,9281.5,9335.5,8989.5,9239.5,1311.6734343146275,12119206.69635
1592956800000.0,2020-06-24 00:00:00,BTC/USD,9621.5,9666.5,9038.5,9281.5,991.9415705812637,9206705.68735
1592870400000.0,2020-06-23 00:00:00,BTC/USD,9688.5,9721.0,9574.0,9621.5,512.8524357064906,4934409.71015
1592784000000.0,2020-06-22 00:00:00,BTC/USD,9283.0,9791.0,9264.0,9688.5,600.0979116220261,5814048.61675
1592697600000.0,2020-06-21 00:00:00,BTC/USD,9358.5,9421.5,9271.0,9283.0,302.11982995260155,2804578.38145
1592611200000.0,2020-06-20 00:00:00,BTC/USD,9299.5,9394.0,9165.0,9358.5,396.20297931292407,3707865.5819
1592524800000.0,2020-06-19 00:00:00,BTC/USD,9377.0,9430.0,9231.5,9299.5,722.3853293510404,6717822.3703
1592438400000.0,2020-06-18 00:00:00,BTC/USD,9456.0,9478.5,9271.0,9377.0,589.924289458249,5531720.06225
1592352000000.0,2020-06-17 00:00:00,BTC/USD,9527.5,9561.5,9232.5,9456.0,823.8021062129865,7789872.71635
1592265600000.0,2020-06-16 00:00:00,BTC/USD,9429.5,9591.5,9381.0,9527.5,892.7633887378641,8505803.1862
1592179200000.0,2020-06-15 00:00:00,BTC/USD,9334.5,9500.5,8896.5,9429.5,993.3482063417996,9366776.9117
1592092800000.0,2020-06-14 00:00:00,BTC/USD,9476.0,9485.5,9240.0,9334.5,272.541668198618,2544040.2018
1592006400000.0,2020-06-13 00:00:00,BTC/USD,9463.5,9499.5,9350.5,9476.0,168.6837161777121,1598446.8945
1591920000000.0,2020-06-12 00:00:00,BTC/USD,9270.5,9553.0,9232.0,9463.5,540.3207559042638,5113325.4735
1591833600000.0,2020-06-11 00:00:00,BTC/USD,9896.0,9979.0,9060.0,9270.0,908.0523868878101,8417645.62645
1591747200000.0,2020-06-10 00:00:00,BTC/USD,9779.5,10011.0,9660.0,9896.0,480.07071641572355,4750779.80965
1591660800000.0,2020-06-09 00:00:00,BTC/USD,9784.5,9890.0,9565.0,9777.5,410.1764454870877,4010500.19575
1591574400000.0,2020-06-08 00:00:00,BTC/USD,9753.5,9819.5,9634.0,9784.5,290.30555652818236,2840494.71785
1591488000000.0,2020-06-07 00:00:00,BTC/USD,9665.5,9820.0,9376.0,9753.5,493.79561808068894,4816235.56095
1591401600000.0,2020-06-06 00:00:00,BTC/USD,9617.0,9733.5,9530.0,9665.5,190.01181325332368,1836559.181
1591315200000.0,2020-06-05 00:00:00,BTC/USD,9791.5,9859.5,9588.0,9617.0,604.4914544556515,5813394.3175
1591228800000.0,2020-06-04 00:00:00,BTC/USD,9666.5,9890.0,9451.0,9791.5,741.292641045805,7258366.8948
1591142400000.0,2020-06-03 00:00:00,BTC/USD,9522.5,9691.5,9395.0,9666.5,346.6350024828014,3350747.2515
1591056000000.0,2020-06-02 00:00:00,BTC/USD,10205.0,10230.5,9280.5,9522.5,1972.4295154686272,18782460.06105
1590969600000.0,2020-06-01 00:00:00,BTC/USD,9447.5,10425.5,9415.0,10205.0,1270.9173280156785,12969711.3324
1590883200000.0,2020-05-31 00:00:00,BTC/USD,9702.5,9709.5,9389.0,9447.5,771.1270043291876,7285222.3734
1590796800000.0,2020-05-30 00:00:00,BTC/USD,9424.0,9748.0,9335.5,9702.5,787.1555669208967,7637376.88805
1590710400000.0,2020-05-29 00:00:00,BTC/USD,9580.0,9607.0,9334.0,9424.0,725.2602774883277,6834852.85505
1590624000000.0,2020-05-28 00:00:00,BTC/USD,9205.0,9623.0,9115.0,9580.0,663.7628403601252,6358848.01065
1590537600000.0,2020-05-27 00:00:00,BTC/USD,8843.0,9229.5,8811.5,9205.0,466.7482130472569,4296417.3011
1590451200000.0,2020-05-26 00:00:00,BTC/USD,8900.5,9015.5,8695.0,8843.0,531.4101771231483,4699260.1963
1590364800000.0,2020-05-25 00:00:00,BTC/USD,8717.0,8979.0,8633.0,8900.5,441.3736202909949,3928445.9074
1590278400000.0,2020-05-24 00:00:00,BTC/USD,9174.0,9305.0,8682.5,8717.0,371.59488768498335,3239192.63595
1590192000000.0,2020-05-23 00:00:00,BTC/USD,9165.0,9314.0,9094.0,9174.0,176.95715056136908,1623404.89925
1590105600000.0,2020-05-22 00:00:00,BTC/USD,9060.0,9271.0,8930.5,9165.0,348.3286487343153,3192432.06565
1590019200000.0,2020-05-21 00:00:00,BTC/USD,9511.5,9566.5,8801.0,9060.0,386.3762312306843,3500568.65495
1589932800000.0,2020-05-20 00:00:00,BTC/USD,9783.0,9834.5,9293.0,9511.5,636.991362976397,6058743.34895
1589846400000.0,2020-05-19 00:00:00,BTC/USD,9731.0,9898.0,9457.5,9782.5,457.86597735752616,4479073.9235
1589760000000.0,2020-05-18 00:00:00,BTC/USD,9673.0,9955.0,9407.0,9731.0,790.3870125269756,7691256.0189
1589673600000.0,2020-05-17 00:00:00,BTC/USD,9385.0,9894.0,9327.5,9673.0,524.6271421430787,5074718.34595
1589587200000.0,2020-05-16 00:00:00,BTC/USD,9304.5,9584.5,9213.5,9385.0,629.6252035908365,5909032.5357
1589500800000.0,2020-05-15 00:00:00,BTC/USD,9795.5,9854.0,9107.0,9304.5,1311.6219784835293,12203986.6988
1589414400000.0,2020-05-14 00:00:00,BTC/USD,9326.0,9945.0,9267.0,9795.5,1496.078801883518,14654839.90385
1589328000000.0,2020-05-13 00:00:00,BTC/USD,8823.0,9416.0,8807.0,9326.0,622.6289248606047,5806637.35325
1589241600000.0,2020-05-12 00:00:00,BTC/USD,8578.5,8980.5,8540.0,8823.0,1124.7081151649097,9923299.7001
1589155200000.0,2020-05-11 00:00:00,BTC/USD,8729.0,9173.0,8199.0,8578.5,3119.617695704377,26761640.4026
1589068800000.0,2020-05-10 00:00:00,BTC/USD,9535.5,9564.5,8111.0,8729.0,8924.920192421812,77905628.35965
1588982400000.0,2020-05-09 00:00:00,BTC/USD,9813.5,9918.5,9517.0,9535.5,1560.2623895810393,14877882.01585
1588896000000.0,2020-05-08 00:00:00,BTC/USD,10003.5,10050.5,9729.5,9810.0,2631.5277167023446,25815286.90085
1588809600000.0,2020-05-07 00:00:00,BTC/USD,9155.5,10076.5,9037.0,10004.5,4609.195702803738,46112698.4087
1588723200000.0,2020-05-06 00:00:00,BTC/USD,9030.0,9420.0,8922.5,9155.5,2695.080504631096,24674809.56015
1588636800000.0,2020-05-05 00:00:00,BTC/USD,8889.0,9123.0,8762.5,9030.0,2411.1850727408637,21773001.20685
1588550400000.0,2020-05-04 00:00:00,BTC/USD,8905.5,8971.0,8536.0,8889.0,1760.0482001349983,15645068.451
1588464000000.0,2020-05-03 00:00:00,BTC/USD,8981.0,9203.5,8730.0,8905.5,4800.842803890853,42753905.59005
1588377600000.0,2020-05-02 00:00:00,BTC/USD,8833.5,9023.5,8763.5,8981.0,2118.5469216568313,19026669.9034
1588291200000.0,2020-05-01 00:00:00,BTC/USD,8622.5,9070.0,8620.0,8833.5,3108.05133618611,27454971.4782
1588204800000.0,2020-04-30 00:00:00,BTC/USD,8788.5,9468.0,8402.0,8622.5,5517.925106680197,47578309.23235
1588118400000.0,2020-04-29 00:00:00,BTC/USD,7755.0,8978.0,7728.5,8788.5,3083.0043741537233,27094983.94225
1588032000000.0,2020-04-28 00:00:00,BTC/USD,7794.0,7798.5,7665.5,7755.0,866.395310483559,6718895.6328
1587945600000.0,2020-04-27 00:00:00,BTC/USD,7705.0,7810.0,7635.0,7794.0,1882.2442954323838,14670212.0386
1587859200000.0,2020-04-26 00:00:00,BTC/USD,7550.0,7714.5,7483.5,7705.0,1525.1228349123946,11751071.443
1587772800000.0,2020-04-25 00:00:00,BTC/USD,7509.5,7717.5,7438.5,7550.0,1160.8954935099337,8764760.976
1587686400000.0,2020-04-24 00:00:00,BTC/USD,7487.0,7614.5,7397.5,7509.5,1404.9244416472468,10550280.09455
1587600000000.0,2020-04-23 00:00:00,BTC/USD,7135.5,7790.5,7034.0,7488.0,1902.92070390625,14249070.23085
1587513600000.0,2020-04-22 00:00:00,BTC/USD,6852.5,7167.0,6825.0,7135.5,531.3445497092005,3791409.03445
1587427200000.0,2020-04-21 00:00:00,BTC/USD,6837.5,6962.0,6774.0,6852.5,1333.3439079897846,9136739.1295
1587340800000.0,2020-04-20 00:00:00,BTC/USD,7130.0,7240.5,6760.0,6837.5,565.570812987203,3867090.4338
1587254400000.0,2020-04-19 00:00:00,BTC/USD,7260.5,7276.5,7066.0,7130.0,676.2794160308555,4821872.2363
1587168000000.0,2020-04-18 00:00:00,BTC/USD,7034.5,7308.5,7022.0,7260.5,942.4277180634942,6842496.447
1587081600000.0,2020-04-17 00:00:00,BTC/USD,7113.5,7154.5,6999.5,7035.0,407.29025309879177,2865286.93055
1586995200000.0,2020-04-16 00:00:00,BTC/USD,6622.5,7223.0,6474.5,7113.0,1081.5260654154365,7692894.9033
1586908800000.0,2020-04-15 00:00:00,BTC/USD,6873.5,6941.0,6609.0,6622.5,686.085944824462,4543604.1696
1586822400000.0,2020-04-14 00:00:00,BTC/USD,6858.0,6992.5,6771.5,6873.5,894.675233061759,6149550.21445
1586736000000.0,2020-04-13 00:00:00,BTC/USD,6910.5,6911.0,6580.5,6858.0,755.6975356590843,5182573.69955
1586649600000.0,2020-04-12 00:00:00,BTC/USD,6890.0,7205.0,6789.5,6910.5,297.5599744229795,2056288.20325
1586563200000.0,2020-04-11 00:00:00,BTC/USD,6871.0,6953.5,6769.5,6889.5,314.9700558458524,2169986.19975
1586476800000.0,2020-04-10 00:00:00,BTC/USD,7292.0,7302.0,6748.5,6871.0,1627.637784478242,11183499.21715
1586390400000.0,2020-04-09 00:00:00,BTC/USD,7369.0,7377.0,7110.5,7292.0,1660.8098608749315,12110625.5055
1586304000000.0,2020-04-08 00:00:00,BTC/USD,7200.0,7428.0,7152.5,7369.0,1072.4334965666983,7902762.4362
1586217600000.0,2020-04-07 00:00:00,BTC/USD,7341.5,7470.0,7078.0,7199.5,1190.554568164456,8571397.6135
1586131200000.0,2020-04-06 00:00:00,BTC/USD,6781.5,7371.0,6771.0,7342.0,1115.930234540997,8193159.782
1586044800000.0,2020-04-05 00:00:00,BTC/USD,6874.5,6912.5,6675.0,6781.5,330.2038746737448,2239277.5761
1585958400000.0,2020-04-04 00:00:00,BTC/USD,6738.5,7014.5,6655.0,6874.5,336.56561194268676,2313720.2993
1585872000000.0,2020-04-03 00:00:00,BTC/USD,6799.5,7051.5,6612.0,6739.5,1208.538985317902,8144948.49155
1585785600000.0,2020-04-02 00:00:00,BTC/USD,6666.0,7273.0,6569.0,6799.5,3336.185342194279,22684392.23425
1585699200000.0,2020-04-01 00:00:00,BTC/USD,6424.5,6700.0,6160.0,6665.0,946.3016415903976,6307100.4412
1585612800000.0,2020-03-31 00:00:00,BTC/USD,6407.5,6529.0,6337.0,6425.0,437.1878975252918,2808932.2416
1585526400000.0,2020-03-30 00:00:00,BTC/USD,5877.5,6626.0,5858.0,6406.5,1287.27038682588,8246897.7332
1585440000000.0,2020-03-29 00:00:00,BTC/USD,6250.5,6278.5,5869.0,5877.5,705.1892756529137,4144749.96765
1585353600000.0,2020-03-28 00:00:00,BTC/USD,6369.5,6369.5,6011.0,6253.0,1671.5469852630738,10452183.29885
1585267200000.0,2020-03-27 00:00:00,BTC/USD,6760.5,6875.5,6271.5,6371.0,1357.1569768953068,8646447.0998
1585180800000.0,2020-03-26 00:00:00,BTC/USD,6690.0,6799.0,6520.0,6757.5,1194.188521990381,8069728.93735
1585094400000.0,2020-03-25 00:00:00,BTC/USD,6767.0,6989.5,6473.5,6688.0,2262.1491676360647,15129253.63315
1585008000000.0,2020-03-24 00:00:00,BTC/USD,6489.5,6867.5,6402.0,6767.5,992.5510150129294,6717088.9941
1584921600000.0,2020-03-23 00:00:00,BTC/USD,5814.0,6680.0,5682.5,6498.0,1856.8004961911358,12065489.62425
1584835200000.0,2020-03-22 00:00:00,BTC/USD,6195.5,6422.5,5740.0,5814.0,1479.316490479876,8600746.07565
1584748800000.0,2020-03-21 00:00:00,BTC/USD,6211.5,6466.0,5870.0,6195.5,2599.32034534743,16104089.1996
1584662400000.0,2020-03-20 00:00:00,BTC/USD,6182.0,6948.5,5657.0,6211.0,2971.05448137981,18453219.38385
1584576000000.0,2020-03-19 00:00:00,BTC/USD,5414.0,6428.0,5268.0,6182.0,2084.5450910789386,12886657.75305
1584489600000.0,2020-03-18 00:00:00,BTC/USD,5330.5,5457.0,5016.5,5416.0,1727.5676622230428,9356506.4586
1584403200000.0,2020-03-17 00:00:00,BTC/USD,5039.0,5566.5,4934.5,5333.5,1462.408301668698,7799754.67695
1584316800000.0,2020-03-16 00:00:00,BTC/USD,5348.5,5352.0,4426.5,5035.0,4956.995208709037,24958470.87585
1584230400000.0,2020-03-15 00:00:00,BTC/USD,5164.0,5971.0,5092.5,5349.5,4240.39672235723,22684002.26625
1584144000000.0,2020-03-14 00:00:00,BTC/USD,5648.5,5671.5,5053.0,5164.0,2453.087522860186,12667743.96805
1584057600000.0,2020-03-13 00:00:00,BTC/USD,4857.0,5999.5,3900.0,5639.0,4273.702499742862,24099408.39605
1583971200000.0,2020-03-12 00:00:00,BTC/USD,7941.5,7969.5,4519.0,4863.0,9583.838613798067,46606207.1789
1583884800000.0,2020-03-11 00:00:00,BTC/USD,7893.0,7988.0,7589.5,7941.5,618.953569004596,4915419.76825
1583798400000.0,2020-03-10 00:00:00,BTC/USD,7931.5,8154.0,7736.0,7893.0,944.1171641834537,7451916.7769
1583712000000.0,2020-03-09 00:00:00,BTC/USD,8039.0,8195.0,7634.0,7931.5,1956.7935556010843,15520308.08625
1583625600000.0,2020-03-08 00:00:00,BTC/USD,8897.0,8897.0,8003.5,8039.0,1577.2167188891653,12679245.20315
1583539200000.0,2020-03-07 00:00:00,BTC/USD,9157.0,9219.5,8836.5,8897.0,287.7993332808812,2560550.6682
1583452800000.0,2020-03-06 00:00:00,BTC/USD,9070.0,9180.0,8991.5,9157.0,240.83752812056352,2205349.245
1583366400000.0,2020-03-05 00:00:00,BTC/USD,8759.0,9173.5,8758.5,9071.0,578.136797993606,5244278.8946
1583280000000.0,2020-03-04 00:00:00,BTC/USD,8757.0,8852.0,8670.0,8758.5,230.76996907004624,2021198.7741
1583193600000.0,2020-03-03 00:00:00,BTC/USD,8921.5,8925.5,8622.0,8757.0,534.9596701895626,4684641.83185
1583107200000.0,2020-03-02 00:00:00,BTC/USD,8522.5,8971.0,8490.0,8919.5,418.26914040024667,3730751.5978
1583020800000.0,2020-03-01 00:00:00,BTC/USD,8526.0,8758.5,8411.0,8522.5,594.534976421238,5066924.33655
1582934400000.0,2020-02-29 00:00:00,BTC/USD,8702.5,8800.5,8522.5,8528.0,559.4237998416979,4770766.16505
1582848000000.0,2020-02-28 00:00:00,BTC/USD,8818.0,8901.5,8426.0,8705.0,597.7766472544515,5203645.71435
1582761600000.0,2020-02-27 00:00:00,BTC/USD,8782.0,8973.0,8520.0,8817.0,859.990826511285,7582539.11735
1582675200000.0,2020-02-26 00:00:00,BTC/USD,9305.0,9369.0,8609.0,8779.5,1199.4944844922832,10530961.8266
1582588800000.0,2020-02-25 00:00:00,BTC/USD,9659.5,9681.0,9242.5,9305.5,359.683848594917,3347038.0531
1582502400000.0,2020-02-24 00:00:00,BTC/USD,9970.0,10028.0,9482.0,9659.5,608.668253729489,5879430.9969
1582416000000.0,2020-02-23 00:00:00,BTC/USD,9665.5,10029.5,9665.0,9971.0,304.13027940026075,3032483.0159
1582329600000.0,2020-02-22 00:00:00,BTC/USD,9694.0,9720.5,9571.5,9665.5,251.80189087476074,2433791.17625
1582243200000.0,2020-02-21 00:00:00,BTC/USD,9606.0,9772.5,9535.0,9694.0,389.18418654838047,3772751.5044
1582156800000.0,2020-02-20 00:00:00,BTC/USD,9595.0,9700.5,9359.5,9606.0,604.9745457682699,5811385.48665
1582070400000.0,2020-02-19 00:00:00,BTC/USD,10190.5,10305.5,9313.0,9599.5,794.0327541382363,7622317.42335
1581984000000.0,2020-02-18 00:00:00,BTC/USD,9706.5,10286.0,9604.5,10187.5,753.1394983803681,7672608.63975
1581897600000.0,2020-02-17 00:00:00,BTC/USD,9926.5,9974.0,9464.5,9704.5,1439.6863738265752,13971436.4148
1581811200000.0,2020-02-16 00:00:00,BTC/USD,9909.0,10052.0,9635.5,9929.5,707.4138614331033,7024265.9371
1581724800000.0,2020-02-15 00:00:00,BTC/USD,10367.5,10401.5,9788.0,9909.0,745.6425514935917,7388572.04275
1581638400000.0,2020-02-14 00:00:00,BTC/USD,10236.0,10393.5,10093.0,10367.5,461.3867386689173,4783427.01315
1581552000000.0,2020-02-13 00:00:00,BTC/USD,10350.0,10557.5,10076.0,10235.0,706.9742868490473,7235881.8259
1581465600000.0,2020-02-12 00:00:00,BTC/USD,10270.5,10489.0,10245.5,10350.0,840.6258645024154,8700477.6976
1581379200000.0,2020-02-11 00:00:00,BTC/USD,9851.0,10375.0,9712.5,10270.5,1136.0990222822647,11668305.00835
1581292800000.0,2020-02-10 00:00:00,BTC/USD,10165.0,10199.0,9660.0,9851.0,756.6324580194904,7453586.34395
1581206400000.0,2020-02-09 00:00:00,BTC/USD,9911.5,10183.0,9892.0,10165.0,389.9966354353172,3964315.7992
1581120000000.0,2020-02-08 00:00:00,BTC/USD,9810.5,9948.0,9660.0,9911.5,286.761598521919,2842237.58375
1581033600000.0,2020-02-07 00:00:00,BTC/USD,9759.5,9875.0,9712.5,9810.5,578.3536482748076,5673938.4664
1580947200000.0,2020-02-06 00:00:00,BTC/USD,9613.5,9861.5,9515.5,9759.5,577.0017015062247,5631248.10585
1580860800000.0,2020-02-05 00:00:00,BTC/USD,9164.5,9765.0,9150.0,9615.0,801.8753690691628,7710031.6736
1580774400000.0,2020-02-04 00:00:00,BTC/USD,9280.5,9350.0,9074.5,9164.5,600.8910582083038,5506866.10295
1580688000000.0,2020-02-03 00:00:00,BTC/USD,9323.5,9617.5,9217.5,9280.5,409.24227551856046,3797972.93795
1580601600000.0,2020-02-02 00:00:00,BTC/USD,9383.0,9483.0,9120.5,9320.5,769.7934425460007,7174859.78125
1580515200000.0,2020-02-01 00:00:00,BTC/USD,9338.5,9457.0,9287.5,9383.0,248.42493610252583,2330971.17545
1580428800000.0,2020-01-31 00:00:00,BTC/USD,9506.0,9521.5,9188.0,9338.5,470.5963859506345,4394664.3502
1580342400000.0,2020-01-30 00:00:00,BTC/USD,9284.5,9571.0,9184.0,9507.5,775.1781892505917,7370006.6343
1580256000000.0,2020-01-29 00:00:00,BTC/USD,9384.5,9428.5,9222.5,9283.0,1136.923998125606,10554065.4746
1580169600000.0,2020-01-28 00:00:00,BTC/USD,8895.5,9417.0,8887.0,9386.0,1678.8341006765395,15757536.86895
1580083200000.0,2020-01-27 00:00:00,BTC/USD,8595.5,8988.0,8564.5,8895.5,564.2057026417851,5018891.82785
1579996800000.0,2020-01-26 00:00:00,BTC/USD,8326.5,8595.5,8286.0,8595.5,318.667636210808,2739107.66705
1579910400000.0,2020-01-25 00:00:00,BTC/USD,8429.5,8433.0,8256.5,8327.5,120.6307416391474,1004552.501
1579824000000.0,2020-01-24 00:00:00,BTC/USD,8387.0,8511.0,8223.5,8429.5,283.9058107657631,2393184.03185
1579737600000.0,2020-01-23 00:00:00,BTC/USD,8660.0,8666.5,8283.5,8387.0,415.53638835101947,3485103.6891
1579651200000.0,2020-01-22 00:00:00,BTC/USD,8724.5,8796.0,8573.5,8660.0,534.1408409526558,4625659.68265
1579564800000.0,2020-01-21 00:00:00,BTC/USD,8629.5,8772.5,8469.0,8723.5,561.5980122485241,4899100.25985
1579478400000.0,2020-01-20 00:00:00,BTC/USD,8699.5,8735.5,8510.5,8629.5,384.25119400312883,3315895.67865
1579392000000.0,2020-01-19 00:00:00,BTC/USD,8909.5,9187.5,8479.5,8699.5,1299.5341444220933,11305297.2894
1579305600000.0,2020-01-18 00:00:00,BTC/USD,8900.0,8980.0,8805.0,8910.5,362.4885229728971,3229953.98395
1579219200000.0,2020-01-17 00:00:00,BTC/USD,8718.5,9011.5,8665.0,8900.0,984.0798866853933,8758310.9915
1579132800000.0,2020-01-16 00:00:00,BTC/USD,8813.5,8848.0,8582.0,8714.0,761.0288326945147,6631605.2481
1579046400000.0,2020-01-15 00:00:00,BTC/USD,8811.5,8898.5,8503.0,8811.0,1635.0145898308933,14406113.551
1578960000000.0,2020-01-14 00:00:00,BTC/USD,8109.5,8894.0,8104.0,8818.0,1428.9806168632344,12600751.0795
1578873600000.0,2020-01-13 00:00:00,BTC/USD,8178.0,8188.5,8042.5,8108.5,1172.0361697292965,9503455.28225
1578787200000.0,2020-01-12 00:00:00,BTC/USD,8017.5,8191.0,7963.0,8178.0,643.5974998960626,5263340.35415
1578700800000.0,2020-01-11 00:00:00,BTC/USD,8198.0,8285.5,8004.5,8022.0,620.3872984729494,4976746.90835
1578614400000.0,2020-01-10 00:00:00,BTC/USD,7815.5,8192.0,7673.5,8192.0,1032.5724590637208,8458833.58465
1578528000000.0,2020-01-09 00:00:00,BTC/USD,8046.5,8047.0,7752.0,7815.0,461.8621091746641,3609452.3832
1578441600000.0,2020-01-08 00:00:00,BTC/USD,8159.5,8463.5,7871.0,8044.5,1148.634465081733,9240189.95435
1578355200000.0,2020-01-07 00:00:00,BTC/USD,7764.0,8213.5,7732.0,8156.5,492.31813955740824,4015592.9053
1578268800000.0,2020-01-06 00:00:00,BTC/USD,7350.0,7806.0,7341.0,7764.0,845.2982241112828,6562895.412
1578182400000.0,2020-01-05 00:00:00,BTC/USD,7347.0,7490.5,7311.5,7350.0,141.18589587074828,1037716.33465
1578096000000.0,2020-01-04 00:00:00,BTC/USD,7338.0,7395.5,7263.5,7347.0,83.11121510820743,610618.0974
1578009600000.0,2020-01-03 00:00:00,BTC/USD,6941.0,7397.5,6850.0,7335.5,387.3172273805466,2841165.52145
1577923200000.0,2020-01-02 00:00:00,BTC/USD,7171.0,7178.0,6903.5,6941.0,1071.0746332516928,7434329.0294
1577836800000.0,2020-01-01 00:00:00,BTC/USD,7164.5,7229.0,7147.0,7171.5,121.85875503730043,873910.06175
1577750400000.0,2019-12-31 00:00:00,BTC/USD,7218.0,7294.5,7113.5,7164.5,80.78744312233931,578801.63625
1577664000000.0,2019-12-30 00:00:00,BTC/USD,7378.0,7378.0,7197.5,7218.0,860.8529162718205,6213636.34965
1577577600000.0,2019-12-29 00:00:00,BTC/USD,7298.5,7516.5,7274.5,7380.0,171.5240105691057,1265847.198
1577491200000.0,2019-12-28 00:00:00,BTC/USD,7244.5,7343.0,7231.5,7298.5,181.37321889429333,1323752.4381
1577404800000.0,2019-12-27 00:00:00,BTC/USD,7190.0,7248.0,7061.5,7244.5,281.22340530057284,2037322.9597
1577318400000.0,2019-12-26 00:00:00,BTC/USD,7190.0,7424.5,7140.0,7190.0,277.72003302503475,1996807.03745
1577232000000.0,2019-12-25 00:00:00,BTC/USD,7252.5,7262.5,7115.5,7190.0,498.42653784422805,3583686.8071
1577145600000.0,2019-12-24 00:00:00,BTC/USD,7312.0,7425.5,7157.5,7253.0,95.66473539225149,693856.3258
1577059200000.0,2019-12-23 00:00:00,BTC/USD,7514.5,7689.0,7261.0,7312.0,340.6906500068381,2491130.03285
1576972800000.0,2019-12-22 00:00:00,BTC/USD,7143.0,7518.0,7126.5,7512.0,129.54017165202345,973105.76945
1576886400000.0,2019-12-21 00:00:00,BTC/USD,7187.5,7188.0,7116.0,7143.0,33.4363451350973,238835.8133
1576800000000.0,2019-12-20 00:00:00,BTC/USD,7151.0,7220.0,7079.0,7187.5,165.79658846608694,1191662.9796
1576713600000.0,2019-12-19 00:00:00,BTC/USD,7285.5,7367.5,7049.0,7151.0,226.94922318556846,1622913.895
1576627200000.0,2019-12-18 00:00:00,BTC/USD,6616.0,7454.5,6432.5,7284.0,962.4091200713893,7010188.0306
1576540800000.0,2019-12-17 00:00:00,BTC/USD,6877.0,6931.5,6558.5,6616.0,320.09627511336157,2117756.95615
1576454400000.0,2019-12-16 00:00:00,BTC/USD,7112.0,7132.5,6815.0,6877.0,247.1553690926276,1699687.47325
1576368000000.0,2019-12-15 00:00:00,BTC/USD,7064.0,7201.0,7005.5,7112.0,56.08689789791901,398890.01785
1576281600000.0,2019-12-14 00:00:00,BTC/USD,7250.5,7266.0,7006.0,7064.0,111.07630753114383,784643.0364
1576195200000.0,2019-12-13 00:00:00,BTC/USD,7187.5,7299.5,7184.0,7250.0,659.1075952068966,4778530.06525
1576108800000.0,2019-12-12 00:00:00,BTC/USD,7200.5,7284.0,7082.5,7187.5,327.67558768,2355168.28645
1576022400000.0,2019-12-11 00:00:00,BTC/USD,7218.5,7265.0,7132.0,7200.5,313.0993453857371,2254471.83645
1575936000000.0,2019-12-10 00:00:00,BTC/USD,7330.5,7380.5,7154.5,7219.0,105.78777742762155,763681.96525
1575849600000.0,2019-12-09 00:00:00,BTC/USD,7522.5,7644.0,7283.0,7330.5,111.55992196644158,817790.007975
1575763200000.0,2019-12-08 00:00:00,BTC/USD,7501.5,7572.0,7386.5,7522.5,219.13389458291792,1648434.722
1575676800000.0,2019-12-07 00:00:00,BTC/USD,7542.5,7636.5,7485.5,7501.5,297.52246157435184,2231864.7455
1575590400000.0,2019-12-06 00:00:00,BTC/USD,7391.0,7597.0,7309.5,7542.0,452.78888521612305,3414933.7723
1575504000000.0,2019-12-05 00:00:00,BTC/USD,7199.5,7484.0,7154.5,7391.5,721.1128766488534,5330105.82775
1575417600000.0,2019-12-04 00:00:00,BTC/USD,7297.0,7765.5,7085.5,7195.0,857.4150662960388,6169101.402
1575331200000.0,2019-12-03 00:00:00,BTC/USD,7300.5,7406.5,7243.0,7296.5,133.6896550195299,975466.56785
1575244800000.0,2019-12-02 00:00:00,BTC/USD,7398.5,7422.5,7153.0,7301.5,205.107644792166,1497593.46845
1575158400000.0,2019-12-01 00:00:00,BTC/USD,7550.0,7550.0,7235.5,7398.0,83.65414791159773,618873.38625
1575072000000.0,2019-11-30 00:00:00,BTC/USD,7758.0,7819.0,7454.5,7551.0,105.47674220633029,796454.8804
1574985600000.0,2019-11-29 00:00:00,BTC/USD,7430.5,7863.0,7417.0,7757.5,345.11069309055756,2677196.20165
1574899200000.0,2019-11-28 00:00:00,BTC/USD,7526.0,7653.0,7373.0,7430.5,409.0074591077316,3039129.9249
1574812800000.0,2019-11-27 00:00:00,BTC/USD,7163.5,7674.5,6853.0,7525.5,385.3319235399641,2899815.3906
1574726400000.0,2019-11-26 00:00:00,BTC/USD,7124.5,7334.0,7020.0,7163.5,234.3907218329029,1679057.93585
1574640000000.0,2019-11-25 00:00:00,BTC/USD,6902.5,7375.0,6525.0,7124.5,759.7822495824269,5413068.63715
1574553600000.0,2019-11-24 00:00:00,BTC/USD,7322.0,7340.0,6866.0,6902.5,245.99754051430642,1697998.0234
1574467200000.0,2019-11-23 00:00:00,BTC/USD,7277.5,7350.5,7102.0,7322.0,181.41221422425568,1328300.23255
1574380800000.0,2019-11-22 00:00:00,BTC/USD,7616.5,7732.5,6770.5,7277.5,3184.3032532737893,23173766.9257
1574294400000.0,2019-11-21 00:00:00,BTC/USD,8082.5,8113.5,7390.0,7616.5,740.2741330729339,5638297.93455
1574208000000.0,2019-11-20 00:00:00,BTC/USD,8126.0,8213.5,8036.0,8082.5,251.00910539437055,2028781.09435
1574121600000.0,2019-11-19 00:00:00,BTC/USD,8173.0,8200.0,7978.0,8124.0,323.6026821085672,2628948.18945
1574035200000.0,2019-11-18 00:00:00,BTC/USD,8497.5,8497.5,8023.0,8173.0,102.02649243851707,833862.5227
1573948800000.0,2019-11-17 00:00:00,BTC/USD,8480.0,8629.5,8367.5,8499.5,148.2131155126772,1259737.3753
1573862400000.0,2019-11-16 00:00:00,BTC/USD,8452.0,8527.0,8417.5,8480.0,52.464261179245284,444896.9348
1573776000000.0,2019-11-15 00:00:00,BTC/USD,8628.0,8777.5,8368.0,8452.0,211.609010186938,1788519.3541
1573689600000.0,2019-11-14 00:00:00,BTC/USD,8761.5,8786.0,8551.5,8628.0,65.43465414928141,564570.196
1573603200000.0,2019-11-13 00:00:00,BTC/USD,8816.5,8830.5,8699.5,8761.5,213.73896625007134,1872673.9528
1573516800000.0,2019-11-12 00:00:00,BTC/USD,8713.0,10000.0,8553.5,8812.0,123.2919903029959,1086449.01855
1573430400000.0,2019-11-11 00:00:00,BTC/USD,9028.5,9064.5,8587.0,8713.0,106.68298567083669,929528.85415
1573344000000.0,2019-11-10 00:00:00,BTC/USD,8805.5,9469.0,8749.0,9028.5,118.6981413523841,1071666.1692
1573257600000.0,2019-11-09 00:00:00,BTC/USD,8759.0,8873.5,8717.5,8805.5,38.76726050763727,341365.1124
1573171200000.0,2019-11-08 00:00:00,BTC/USD,9202.0,9245.0,8648.5,8759.0,131.79191942573354,1154365.42225
1573084800000.0,2019-11-07 00:00:00,BTC/USD,9336.0,9365.0,9089.0,9202.0,83.45705053249293,767971.779
1572998400000.0,2019-11-06 00:00:00,BTC/USD,9310.0,9448.5,9241.5,9335.0,266.13611033743973,2484380.59
1572912000000.0,2019-11-05 00:00:00,BTC/USD,9408.0,9479.0,9178.0,9313.0,269.7923666702459,2512576.3108
1572825600000.0,2019-11-04 00:00:00,BTC/USD,9196.0,9580.0,9121.5,9407.5,212.50150443263354,1999107.90295
1572739200000.0,2019-11-03 00:00:00,BTC/USD,9300.5,9376.0,9065.0,9196.0,92.24742015006525,848307.2757
1572652800000.0,2019-11-02 00:00:00,BTC/USD,9250.5,9386.0,9204.0,9300.5,259.03022910596206,2409110.6458
1572566400000.0,2019-11-01 00:00:00,BTC/USD,9152.5,9300.5,9053.5,9250.5,663.6612471812334,6139198.36705
1572480000000.0,2019-10-31 00:00:00,BTC/USD,9168.5,9431.0,8950.0,9152.5,1074.2764848402076,9832315.5275
1572393600000.0,2019-10-30 00:00:00,BTC/USD,9435.5,9435.5,8996.5,9168.5,1293.3830076184763,11858382.10535
1572307200000.0,2019-10-29 00:00:00,BTC/USD,9223.0,9564.5,9106.5,9435.5,1624.0249935191564,15323487.82635
1572220800000.0,2019-10-28 00:00:00,BTC/USD,9553.0,9940.5,9200.0,9220.5,1404.846908134049,12953390.91645
1572134400000.0,2019-10-27 00:00:00,BTC/USD,9260.0,9817.5,9110.0,9553.5,426.253638786832,4072214.13815
1572048000000.0,2019-10-26 00:00:00,BTC/USD,8667.0,9909.5,8646.5,9259.5,449.5041581996868,4162183.75285
1571961600000.0,2019-10-25 00:00:00,BTC/USD,7426.0,8715.5,7398.5,8666.5,1485.5128010557896,12874196.69035
1571875200000.0,2019-10-24 00:00:00,BTC/USD,7470.0,7511.0,7354.5,7426.0,308.1870634258012,2288597.133
1571788800000.0,2019-10-23 00:00:00,BTC/USD,8024.5,8049.0,7287.0,7470.5,2287.6793949936414,17090108.9203
1571702400000.0,2019-10-22 00:00:00,BTC/USD,8207.5,8309.0,8002.5,8025.0,571.6912206168224,4587822.04545
1571616000000.0,2019-10-21 00:00:00,BTC/USD,8234.0,8337.0,8155.0,8210.5,99.25298262590584,814916.61385
1571529600000.0,2019-10-20 00:00:00,BTC/USD,7960.5,8309.0,7876.5,8234.0,241.11286745810054,1985323.35065
1571443200000.0,2019-10-19 00:00:00,BTC/USD,7952.0,8095.5,7882.5,7962.5,155.54052988383046,1238491.4692
1571356800000.0,2019-10-18 00:00:00,BTC/USD,8072.5,8117.0,7820.5,7952.0,105.74711497736419,840901.0583
1571270400000.0,2019-10-17 00:00:00,BTC/USD,7995.0,8125.5,7936.0,8072.5,158.16324290492412,1276772.77835
1571184000000.0,2019-10-16 00:00:00,BTC/USD,8162.5,8174.0,7914.0,7993.5,86.64275303684244,692578.8464
1571097600000.0,2019-10-15 00:00:00,BTC/USD,8354.5,8415.5,8045.0,8162.5,280.42263660643187,2288949.7713
1571011200000.0,2019-10-14 00:00:00,BTC/USD,8282.5,8393.0,8218.0,8354.5,183.88444485606558,1536262.59455
1570924800000.0,2019-10-13 00:00:00,BTC/USD,8305.5,8463.5,8161.0,8282.5,128.81346474494416,1066897.52175
1570838400000.0,2019-10-12 00:00:00,BTC/USD,8263.5,8406.0,8255.0,8305.5,31.249450328095843,259542.3097
1570752000000.0,2019-10-11 00:00:00,BTC/USD,8587.5,8804.0,8232.5,8263.5,424.6808949053065,3509350.57505
1570665600000.0,2019-10-10 00:00:00,BTC/USD,8585.5,8649.5,8448.0,8587.5,506.9878756331878,4353758.382
1570579200000.0,2019-10-09 00:00:00,BTC/USD,8175.0,8694.5,8112.5,8585.5,853.6202136218043,7328756.34405
1570492800000.0,2019-10-08 00:00:00,BTC/USD,8205.5,8339.0,8103.0,8174.5,52.57892188513059,429806.39695
1570406400000.0,2019-10-07 00:00:00,BTC/USD,7862.5,8305.0,7772.0,8205.0,310.7357476965265,2549586.80985
1570320000000.0,2019-10-06 00:00:00,BTC/USD,8147.0,8169.0,7796.5,7862.5,326.29182010174884,2565469.43555
1570233600000.0,2019-10-05 00:00:00,BTC/USD,8160.0,8201.5,8024.5,8147.0,109.7871180680005,894435.6509
1570147200000.0,2019-10-04 00:00:00,BTC/USD,8247.5,8250.5,8013.0,8160.0,82.86331011029411,676164.6105
1570060800000.0,2019-10-03 00:00:00,BTC/USD,8383.5,8412.5,8083.5,8247.5,178.44829454986362,1471752.3093
1569974400000.0,2019-10-02 00:00:00,BTC/USD,8324.0,8390.0,8180.5,8383.5,160.9347168843562,1349196.199
1569888000000.0,2019-10-01 00:00:00,BTC/USD,8302.0,8527.5,8199.5,8324.0,226.99042064512255,1889468.26145
1569801600000.0,2019-09-30 00:00:00,BTC/USD,8056.5,8348.5,7713.0,8302.0,345.81887192845096,2870988.27475
1569715200000.0,2019-09-29 00:00:00,BTC/USD,8218.5,8241.0,7908.0,8056.5,45.60905309998139,367449.3363
1569628800000.0,2019-09-28 00:00:00,BTC/USD,8194.5,8335.0,8023.5,8218.5,67.66540077264708,556108.09625
1569542400000.0,2019-09-27 00:00:00,BTC/USD,8067.0,8289.5,7869.5,8194.5,53.2814793642077,436615.08265
1569456000000.0,2019-09-26 00:00:00,BTC/USD,8426.0,8459.5,7749.0,8067.0,270.3655197843064,2181038.6481
1569369600000.0,2019-09-25 00:00:00,BTC/USD,8530.5,8742.5,8241.0,8426.5,377.437335530766,3180475.70785
1569283200000.0,2019-09-24 00:00:00,BTC/USD,9689.5,9774.5,8073.5,8532.5,661.3545955523,5643008.08655
1569196800000.0,2019-09-23 00:00:00,BTC/USD,10031.5,10047.0,9617.0,9689.5,293.64585651478404,2845281.5267
1569110400000.0,2019-09-22 00:00:00,BTC/USD,9973.5,10080.0,9850.0,10030.5,1279.3040473256567,12832059.2467
1569024000000.0,2019-09-21 00:00:00,BTC/USD,10159.0,10160.5,9919.0,9973.5,76.57818926655638,763752.57065
1568937600000.0,2019-09-20 00:00:00,BTC/USD,10268.5,10306.5,10060.5,10159.0,521.72266035535,5300180.50655
1568851200000.0,2019-09-19 00:00:00,BTC/USD,10154.0,10356.5,9617.0,10268.5,186.92130665627892,1919401.4374
1568764800000.0,2019-09-18 00:00:00,BTC/USD,10187.0,10257.5,10101.0,10154.0,71.26227909198346,723597.1819
1568678400000.0,2019-09-17 00:00:00,BTC/USD,10269.0,10276.5,10131.0,10187.0,179.27206931873957,1826244.57015
1568592000000.0,2019-09-16 00:00:00,BTC/USD,10304.5,10374.0,10087.0,10269.0,160.93621578050443,1652653.99985
1568505600000.0,2019-09-15 00:00:00,BTC/USD,10358.5,10378.5,10269.0,10304.5,81.64450801106312,841305.8328
1568419200000.0,2019-09-14 00:00:00,BTC/USD,10370.0,10453.5,10238.0,10358.5,160.62083731717914,1663790.94335
1568332800000.0,2019-09-13 00:00:00,BTC/USD,10432.0,10457.5,10169.0,10370.0,201.40587698167792,2088578.9443
1568246400000.0,2019-09-12 00:00:00,BTC/USD,10161.0,10466.5,10042.0,10432.0,176.21231567292944,1838246.8771
1568160000000.0,2019-09-11 00:00:00,BTC/USD,10103.5,10280.0,9869.0,10161.0,170.4613257799429,1732057.53125
1568073600000.0,2019-09-10 00:00:00,BTC/USD,10308.0,10390.5,9938.5,10099.0,95.30649396969997,962500.2826
1567987200000.0,2019-09-09 00:00:00,BTC/USD,10409.5,10534.5,10085.0,10308.0,71.83493790259992,740474.5399
1567900800000.0,2019-09-08 00:00:00,BTC/USD,10487.5,10596.5,10248.5,10409.5,26.25061669148374,273255.79445
1567814400000.0,2019-09-07 00:00:00,BTC/USD,10316.0,10577.5,10312.5,10487.5,25.63599777353993,268857.52665
1567728000000.0,2019-09-06 00:00:00,BTC/USD,10579.5,10944.5,10208.0,10316.0,109.06488935149284,1125113.39855
1567641600000.0,2019-09-05 00:00:00,BTC/USD,10583.5,10662.5,10471.0,10579.5,211.08871489200814,2233213.0592
1567555200000.0,2019-09-04 00:00:00,BTC/USD,10635.0,10824.5,10386.5,10583.5,167.1222429016866,1768738.25775
1567468800000.0,2019-09-03 00:00:00,BTC/USD,10386.5,10777.0,10294.0,10635.0,206.63801834978844,2197595.32515
1567382400000.0,2019-09-02 00:00:00,BTC/USD,9773.0,10473.5,9755.0,10386.5,90.74644290184374,942537.9292
1567296000000.0,2019-09-01 00:00:00,BTC/USD,9603.5,9836.5,9546.0,9773.0,11.662789302159009,113980.43985
1567209600000.0,2019-08-31 00:00:00,BTC/USD,9582.5,9696.5,9452.0,9603.5,13.999524636851147,134444.43485
1567123200000.0,2019-08-30 00:00:00,BTC/USD,9493.5,9698.0,9359.5,9582.5,115.20862916775371,1103986.689
1567036800000.0,2019-08-29 00:00:00,BTC/USD,9718.5,9718.5,9326.0,9493.5,100.45615163006266,953680.4755
1566950400000.0,2019-08-28 00:00:00,BTC/USD,10176.0,10281.5,9573.5,9718.5,169.91516019961927,1651320.4844
1566864000000.0,2019-08-27 00:00:00,BTC/USD,10363.5,10379.0,10034.0,10176.0,87.13000158706761,886634.89615
1566777600000.0,2019-08-26 00:00:00,BTC/USD,10138.0,10660.5,10138.0,10363.5,103.64827923963911,1074158.9419
1566691200000.0,2019-08-25 00:00:00,BTC/USD,10148.0,10360.0,9911.5,10140.5,178.39230284009665,1808987.14695
1566604800000.0,2019-08-24 00:00:00,BTC/USD,10413.0,10434.5,9891.5,10148.0,94.65902951813165,960599.83155
1566518400000.0,2019-08-23 00:00:00,BTC/USD,10111.5,10466.5,10044.0,10413.0,1389.3770848794777,14467583.58485
1566432000000.0,2019-08-22 00:00:00,BTC/USD,10127.5,10235.5,9759.0,10112.5,597.3461303535229,6040662.7432
1566345600000.0,2019-08-21 00:00:00,BTC/USD,10763.5,10804.0,9853.0,10128.5,181.36876326208224,1836993.5187
1566259200000.0,2019-08-20 00:00:00,BTC/USD,10925.5,10955.5,10570.5,10766.0,115.49174822125208,1243384.16135
1566172800000.0,2019-08-19 00:00:00,BTC/USD,10318.5,10937.0,10273.0,10924.5,167.84841477413156,1833660.0072
1566086400000.0,2019-08-18 00:00:00,BTC/USD,10218.0,10510.0,10073.0,10318.5,96.21979078838979,992843.91125
1566000000000.0,2019-08-17 00:00:00,BTC/USD,10358.0,10474.5,9990.5,10218.0,192.932775826972,1971387.1034
1565913600000.0,2019-08-16 00:00:00,BTC/USD,10297.5,10542.5,9752.5,10358.0,235.04295539679475,2434574.932
1565827200000.0,2019-08-15 00:00:00,BTC/USD,10017.5,10446.5,9482.5,10297.5,99.32520212672979,1022801.2689
1565740800000.0,2019-08-14 00:00:00,BTC/USD,10860.5,10862.5,9904.5,10022.5,230.27548214018458,2307936.01975
1565654400000.0,2019-08-13 00:00:00,BTC/USD,11391.0,11443.0,10748.0,10860.5,93.79463404539386,1018656.62305
1565568000000.0,2019-08-12 00:00:00,BTC/USD,11538.0,11557.5,11226.5,11391.0,112.72792437889562,1284083.7866
1565481600000.0,2019-08-11 00:00:00,BTC/USD,11278.5,11584.0,11097.0,11538.0,166.123360716762,1916731.33595
1565395200000.0,2019-08-10 00:00:00,BTC/USD,11866.5,11983.0,11192.0,11278.5,130.50147204858803,1471860.8525
1565308800000.0,2019-08-09 00:00:00,BTC/USD,11985.0,12036.0,11658.5,11866.5,175.76266250368684,2085687.6346
1565222400000.0,2019-08-08 00:00:00,BTC/USD,11972.5,12066.5,11467.0,11985.0,276.53941057154776,3314324.8357
1565136000000.0,2019-08-07 00:00:00,BTC/USD,11465.5,12146.0,11384.0,11972.5,269.6452166214241,3228327.356
1565049600000.0,2019-08-06 00:00:00,BTC/USD,11808.0,12319.0,11208.0,11465.5,589.0378946840522,6753613.9815
1564963200000.0,2019-08-05 00:00:00,BTC/USD,10980.0,11959.0,10980.0,11808.0,292.1413636221206,3449605.22165
1564876800000.0,2019-08-04 00:00:00,BTC/USD,10821.0,11088.5,10582.5,10979.0,180.94830028235722,1986631.3888
1564790400000.0,2019-08-03 00:00:00,BTC/USD,10532.0,10921.0,10513.5,10821.0,200.03327854172443,2164560.1071
1564704000000.0,2019-08-02 00:00:00,BTC/USD,10408.5,10668.5,10334.0,10532.0,245.84896183061144,2589281.266
1564617600000.0,2019-08-01 00:00:00,BTC/USD,10094.0,10489.5,9880.5,10408.5,1211.87789663256,12613831.0871
1564531200000.0,2019-07-31 00:00:00,BTC/USD,9586.5,10124.0,9570.0,10094.0,2691.9593463542697,27172637.6421
1564444800000.0,2019-07-30 00:00:00,BTC/USD,9496.0,9759.5,9385.0,9586.5,1219.0416816147708,11686343.0808
1564358400000.0,2019-07-29 00:00:00,BTC/USD,9530.5,9717.0,9373.5,9496.0,824.6782565659224,7831144.72435
1564272000000.0,2019-07-28 00:00:00,BTC/USD,9471.5,9590.5,9112.0,9531.5,1.9016811467240204,18125.87385
1564185600000.0,2019-07-27 00:00:00,BTC/USD,9843.5,10293.5,9293.0,9471.5,1.37715032993718,13043.67935
1564099200000.0,2019-07-26 00:00:00,BTC/USD,9882.5,9919.0,9658.5,9843.5,0.111820714176868,1100.7072
1564012800000.0,2019-07-25 00:00:00,BTC/USD,9770.5,10187.5,9740.0,9882.5,0.19242597520870225,1901.6497
1563926400000.0,2019-07-24 00:00:00,BTC/USD,9840.5,9919.5,9515.5,9770.5,0.0003960186275011514,3.8693
1563840000000.0,2019-07-23 00:00:00,BTC/USD,10324.0,10330.5,9806.0,9843.5,4.946646528165795,48692.3151
1563753600000.0,2019-07-22 00:00:00,BTC/USD,10594.5,10688.5,10078.0,10323.5,0.10190826754492177,1052.05
1563667200000.0,2019-07-21 00:00:00,BTC/USD,10529.0,10655.0,10330.0,10594.5,0.008862697626126764,93.89585
