date,symbol,open,high,low,close,Volume BTC,Volume USD
2021-04-20,BTC/USD,55686.0,55830.0,54742.0,54796.0,192.46919706000443,10546542.1221
2021-04-19,BTC/USD,56239.0,57607.0,54249.0,55686.0,5715.385599870704,318266962.5144
2021-04-18,BTC/USD,60051.0,60393.0,49880.0,56239.0,12996.806665915115,730927410.0844
2021-04-17,BTC/USD,61411.0,62575.0,59636.0,60051.0,3228.8483319944708,193895571.1846
2021-04-16,BTC/USD,63233.0,63592.0,60022.0,61411.0,6497.242754571656,399002174.801
2021-04-15,BTC/USD,62959.0,63865.0,62013.0,63233.0,3790.5349827985383,239686898.5673
2021-04-14,BTC/USD,63587.0,64887.0,61263.0,62959.0,5720.433544292318,360152775.5151
2021-04-13,BTC/USD,59819.0,63792.0,59788.0,63587.0,6023.979174257316,383046763.7535
2021-04-12,BTC/USD,59983.0,61274.0,59362.0,59819.0,4303.519022163528,257432204.3868
2021-04-11,BTC/USD,59772.0,60684.0,59150.0,59983.0,2444.160925747295,146608104.8091
2021-04-10,BTC/USD,58111.0,61288.0,57846.0,59772.0,6375.068716611458,381050607.3293
2021-04-09,BTC/USD,58092.0,58901.0,57655.0,58106.0,3535.1002803256115,205410536.8886
2021-04-08,BTC/USD,55926.0,58173.0,55666.0,58092.0,3233.345723523033,187831519.7709
2021-04-07,BTC/USD,58008.0,58640.0,55421.0,55926.0,6150.6893549386705,343983452.8643
2021-04-06,BTC/USD,59157.0,59509.0,57370.0,58008.0,4334.9292205161355,251460574.2237
2021-04-05,BTC/USD,58211.0,59308.0,56786.0,59157.0,3960.183459943879,234272572.9399
2021-04-04,BTC/USD,57071.0,58514.0,56450.0,58211.0,2837.837904150418,165193382.2385
2021-04-03,BTC/USD,58960.0,59796.0,56899.0,57061.0,3891.616955027077,222059555.0708
2021-04-02,BTC/USD,58721.0,60187.0,58428.0,58960.0,3288.84941786635,193910561.6774
2021-04-01,BTC/USD,58790.0,59517.0,57917.0,58721.0,4684.875377772858,275100567.0582
2021-03-31,BTC/USD,58775.0,59844.0,56800.0,58790.0,5682.250774844361,334059523.0531
2021-03-30,BTC/USD,57642.0,59401.0,57032.0,58775.0,5125.583240758826,301256154.9756
2021-03-29,BTC/USD,55775.0,58450.0,54885.0,57642.0,5883.414958294301,339131805.02599996
2021-03-28,BTC/USD,55844.0,56565.0,54680.0,55775.0,2762.404767696997,154073125.9183
2021-03-27,BTC/USD,55063.0,56632.0,53944.0,55844.0,2503.364700950863,139797898.3599
2021-03-26,BTC/USD,51303.0,55112.0,51241.0,55063.0,4197.000482928645,231099437.5915
2021-03-25,BTC/USD,52258.0,53222.0,50414.0,51303.0,7457.6404303452055,382599326.998
2021-03-24,BTC/USD,54351.0,57200.0,50061.0,52258.0,5477.962273175399,286267352.4716
2021-03-23,BTC/USD,54093.0,55862.0,52948.0,54351.0,4917.37200702655,267264085.9539
2021-03-22,BTC/USD,57361.0,58430.0,53655.0,54093.0,5441.964325877655,294372176.2797
2021-03-21,BTC/USD,58101.0,58639.0,55504.0,57351.0,4605.679593391571,264140330.3606
2021-03-20,BTC/USD,58043.0,59913.0,57828.0,58101.0,3275.8207553036955,190328461.7039
2021-03-19,BTC/USD,57623.0,59475.0,56248.0,58043.0,4273.309023646262,248035675.6595
2021-03-18,BTC/USD,58943.0,60125.0,57000.0,57623.0,4733.793933203756,272775407.81299996
2021-03-17,BTC/USD,56932.0,59000.0,54062.0,58925.0,5235.707475876114,308514063.016
2021-03-16,BTC/USD,55600.0,56945.0,53262.0,56931.0,4763.247067381567,271176418.7931
2021-03-15,BTC/USD,58970.0,60622.0,54651.0,55600.0,5855.722092960432,325578148.3686
2021-03-14,BTC/USD,61186.0,61678.0,58963.0,58970.0,2530.883700069527,149246211.7931
2021-03-13,BTC/USD,57242.0,61806.0,56016.0,61186.0,4019.3584873435093,245928468.4066
2021-03-12,BTC/USD,57812.0,58109.0,55042.0,57242.0,4646.195301446491,265957511.4454
2021-03-11,BTC/USD,55854.0,58174.0,54269.0,57821.0,6769.83210827381,391438462.3325
2021-03-10,BTC/USD,54889.0,57447.0,53037.0,55854.0,8006.741441721273,447208536.4859
2021-03-09,BTC/USD,52408.0,54931.0,51850.0,54889.0,5804.2874098544335,318591531.6395
2021-03-08,BTC/USD,51000.0,52430.0,49308.0,52408.0,5575.993864743933,292226686.4635
2021-03-07,BTC/USD,48913.0,51475.0,48913.0,51000.0,4084.9914760313723,208334565.2776
2021-03-06,BTC/USD,48751.0,49224.0,47040.0,48913.0,3680.153720049885,180007358.9088
2021-03-05,BTC/USD,48362.0,49478.0,46281.0,48751.0,5021.572322904145,244806672.3139
2021-03-04,BTC/USD,50368.0,51808.0,47466.0,48362.0,4966.566840688971,240193105.5494
2021-03-03,BTC/USD,48480.0,52661.0,48159.0,50368.0,5322.0013312817655,268058563.05400002
2021-03-02,BTC/USD,49631.0,50250.0,47046.0,48473.0,5800.431611193862,281164321.4894
2021-03-01,BTC/USD,45231.0,49832.0,45043.0,49631.0,6239.813392704156,309688178.4933
2021-02-28,BTC/USD,46160.0,46666.0,43002.0,45231.0,7028.8413529260915,317921523.2342
2021-02-27,BTC/USD,46291.0,48387.0,45028.0,46160.0,3964.353889521231,182994575.5403
2021-02-26,BTC/USD,47086.0,48469.0,44102.0,46291.0,6970.817027314164,322686091.0114
2021-02-25,BTC/USD,49710.0,52302.0,46679.0,47086.0,5921.649713093064,278826798.3907
2021-02-24,BTC/USD,48903.0,51382.0,46759.0,49710.0,5604.801101134582,278614662.7374
2021-02-23,BTC/USD,54075.0,54184.0,44851.0,48903.0,10630.784851043903,519877271.5706
2021-02-22,BTC/USD,57483.0,57559.0,47500.0,54075.0,8252.682232175684,446263791.7049
2021-02-21,BTC/USD,55899.0,58366.0,55502.0,57483.0,3405.982851347355,195786112.24400002
2021-02-20,BTC/USD,55937.0,57592.0,54000.0,55899.0,4506.33873168393,251899828.7624
2021-02-19,BTC/USD,51553.0,56416.0,50735.0,55937.0,4609.316115199242,257831315.5359
2021-02-18,BTC/USD,52138.0,52568.0,50874.0,51553.0,2566.2155593719085,132296110.7323
2021-02-17,BTC/USD,49146.0,52642.0,48945.0,52138.0,4404.097875110284,229620855.0125
2021-02-16,BTC/USD,47910.0,50666.0,47033.0,49152.0,5008.107350789388,246158492.50599998
2021-02-15,BTC/USD,48650.0,49044.0,45646.0,47910.0,3618.415119670215,173358268.3834
2021-02-14,BTC/USD,47215.0,49748.0,47071.0,48650.0,3425.912021005139,166670619.8219
2021-02-13,BTC/USD,47388.0,48204.0,46232.0,47215.0,3046.8559889357202,143857305.5176
2021-02-12,BTC/USD,48029.0,49047.0,46174.0,47388.0,3888.5854077424665,184272285.3021
2021-02-11,BTC/USD,44834.0,48736.0,44015.0,48029.0,3933.528817212517,188923455.5619
2021-02-10,BTC/USD,46486.0,47381.0,43682.0,44834.0,4068.4254890261855,182403788.375
2021-02-09,BTC/USD,46428.0,48273.0,45075.0,46486.0,4268.2984798132775,198416123.1326
2021-02-08,BTC/USD,38867.0,46864.0,38046.0,46427.0,6322.73736119607,293545727.46825
2021-02-07,BTC/USD,39256.0,39747.0,37400.0,38867.0,4643.466329660123,180477605.8349
2021-02-06,BTC/USD,38333.0,40999.0,38258.0,39256.0,4075.9389168076223,160005058.1182
2021-02-05,BTC/USD,36980.0,38367.0,36609.0,38346.0,2758.100443892453,105762119.6215
2021-02-04,BTC/USD,37687.0,38774.0,36178.0,36980.0,3509.5626545457008,129783626.9651
2021-02-03,BTC/USD,35521.0,37718.0,35409.0,37687.0,2974.646689057235,112105509.7705
2021-02-02,BTC/USD,33545.0,36028.0,33453.0,35521.0,2650.482669741843,94147794.9119
2021-02-01,BTC/USD,33118.0,34718.0,32312.0,33545.0,3616.529007163512,121316465.5453
2021-01-31,BTC/USD,34299.0,34367.0,32190.0,33118.0,2233.217352681321,73959692.2861
2021-01-30,BTC/USD,34242.0,34930.0,32827.0,34299.0,2982.590702247879,102299878.4964
2021-01-29,BTC/USD,33443.0,38644.0,31975.0,34238.0,10503.829669755827,359630120.2331
2021-01-28,BTC/USD,30409.0,33829.0,29869.0,33443.0,4307.505359492271,144055901.7375
2021-01-27,BTC/USD,32502.0,33005.0,29246.0,30409.0,6478.317620789898,196999160.5306
2021-01-26,BTC/USD,32257.0,32936.0,30846.0,32502.0,4012.8790574672335,130426595.1258
2021-01-25,BTC/USD,32304.0,34875.0,31913.0,32257.0,5687.37883065071,183457778.9403
2021-01-24,BTC/USD,32092.0,33108.0,30946.0,32304.0,2313.949616917409,74749828.4249
2021-01-23,BTC/USD,32994.0,33489.0,31431.0,32092.0,2036.5505863922474,65356981.4185
2021-01-22,BTC/USD,30848.0,33861.0,28820.0,32994.0,3810.521344899073,125724341.2536
2021-01-21,BTC/USD,35480.0,35614.0,30030.0,30848.0,5629.4592650123195,173657559.4071
2021-01-20,BTC/USD,35902.0,36400.0,33384.0,35480.0,4234.9941015304385,150257590.7223
2021-01-19,BTC/USD,36646.0,37880.0,35884.0,35902.0,2572.2680037323826,92349565.87
2021-01-18,BTC/USD,35817.0,37449.0,34765.0,36646.0,1854.051021404792,67943553.7304
2021-01-17,BTC/USD,35999.0,36866.0,33832.0,35817.0,2463.872785953597,88248531.5745
2021-01-16,BTC/USD,36739.0,37948.0,35370.0,35999.0,3234.527465054585,116439754.2145
2021-01-15,BTC/USD,39122.0,39700.0,34381.0,36739.0,4946.061725177605,181713361.7213
2021-01-14,BTC/USD,37374.0,40120.0,36753.0,39122.0,3651.74323430295,142863498.8124
2021-01-13,BTC/USD,34021.0,37847.0,32325.0,37374.0,3500.1435549874236,130814365.2241
2021-01-12,BTC/USD,35484.0,36682.0,32484.0,34021.0,5140.601405693542,174888400.4231
2021-01-11,BTC/USD,38158.0,38330.0,30255.0,35484.0,11816.216765268855,419286635.6988
2021-01-10,BTC/USD,40234.0,41447.0,35001.0,38162.0,5009.609047869609,191176700.4848
2021-01-09,BTC/USD,40625.0,41410.0,38780.0,40234.0,1867.2538837711886,75127092.75965
2021-01-08,BTC/USD,39485.0,42000.0,36548.0,40625.0,4653.356398828309,189042603.7024
2021-01-07,BTC/USD,36871.5,40428.0,36260.0,39485.0,4871.415589445359,192347844.54925
2021-01-06,BTC/USD,34034.5,37038.0,33367.0,36871.5,2966.8805717830846,109393337.0025
2021-01-05,BTC/USD,32005.0,34499.5,29923.5,34034.5,3890.488680879696,132410837.0094
2021-01-04,BTC/USD,33045.5,33658.5,27700.5,32005.0,5567.896969298547,178200542.5024
2021-01-03,BTC/USD,32201.5,34809.5,31978.0,33045.5,4449.0010938872165,147019465.64805
2021-01-02,BTC/USD,29399.0,33349.5,29023.5,32201.5,7900.309057194541,254401802.10525
2021-01-01,BTC/USD,28965.0,29691.5,28700.0,29399.0,5856.8678913755575,172186059.13855
2020-12-31,BTC/USD,28879.5,29317.0,27938.5,28965.0,16519.379620535132,478483830.7088
2020-12-30,BTC/USD,27365.5,29005.0,27336.0,28879.5,4005.691141074119,115682357.30865
2020-12-29,BTC/USD,27033.0,27396.5,25826.5,27365.5,4568.863397264804,125029231.29785
2020-12-28,BTC/USD,26245.5,27473.5,26077.0,27033.0,3646.393062157363,98572943.6493
2020-12-27,BTC/USD,26459.0,28381.0,25800.0,26245.5,4837.202720060583,126954803.98935
2020-12-26,BTC/USD,24697.5,26828.5,24480.0,26459.0,3505.26510945992,92745809.5312
2020-12-25,BTC/USD,23717.5,24773.5,23409.0,24697.5,3963.997054720113,97900817.25895
2020-12-24,BTC/USD,23220.5,23783.0,22702.0,23717.5,2132.561939272689,50579037.7947
2020-12-23,BTC/USD,23819.5,24131.5,22604.5,23220.5,4634.497689222885,107615353.5926
2020-12-22,BTC/USD,22728.0,23845.5,22370.0,23819.5,3424.467032628729,81569092.4837
2020-12-21,BTC/USD,23476.0,24130.0,21910.5,22728.0,4733.411846862899,107580984.4555
2020-12-20,BTC/USD,23851.0,24299.5,23010.5,23478.0,2029.1393563208107,47640133.8077
2020-12-19,BTC/USD,23136.0,24193.5,22772.0,23851.0,2150.372472265314,51288533.836
2020-12-18,BTC/USD,22808.5,23300.0,22338.0,23136.0,2098.1179761864632,48542057.49705
2020-12-17,BTC/USD,21358.5,23775.0,21255.0,22808.5,6506.856404978405,148411634.31295
2020-12-16,BTC/USD,19438.0,21576.5,19290.5,21358.5,3382.3751606433034,72242459.8686
2020-12-15,BTC/USD,19275.0,19568.5,19056.0,19438.0,1948.963235664677,37883947.37485
2020-12-14,BTC/USD,19163.5,19349.5,19002.0,19275.0,1427.0891040622569,27507142.4808
2020-12-13,BTC/USD,18815.5,19415.5,18729.0,19163.5,1952.3847389359985,37414524.9446
2020-12-12,BTC/USD,18038.5,18960.0,18021.0,18815.5,1056.0519669793518,19870145.7847
2020-12-11,BTC/USD,18252.0,18288.0,17572.0,18038.5,2339.4192080993435,42199613.3853
2020-12-10,BTC/USD,18549.5,18557.5,17910.0,18252.0,1752.5884419707431,31988244.24285
2020-12-09,BTC/USD,18314.5,18639.0,17639.0,18549.5,2003.9140292730265,37171603.286
2020-12-08,BTC/USD,19184.0,19299.5,18166.0,18314.5,2634.514388945917,48249813.77635
2020-12-07,BTC/USD,19376.0,19431.5,18911.0,19184.0,1269.1776897909715,24347904.80095
2020-12-06,BTC/USD,19160.5,19429.5,18878.0,19376.0,1419.9321987226467,27512606.28245
2020-12-05,BTC/USD,18659.0,19180.0,18505.5,19160.5,1298.10704486313,24872380.0331
2020-12-04,BTC/USD,19444.5,19539.5,18554.5,18659.0,3251.905055833646,60677296.4368
2020-12-03,BTC/USD,19220.5,19620.5,18859.0,19444.5,2048.7099093394017,39836139.83215
2020-12-02,BTC/USD,18780.0,19347.0,18340.5,19220.5,1961.721614866939,37705270.29855
2020-12-01,BTC/USD,19703.0,19923.5,17931.0,18780.0,3161.0090482694354,59363749.9265
2020-11-30,BTC/USD,18194.5,19883.5,18194.5,19703.0,3135.4869973430436,61778500.30865
2020-11-29,BTC/USD,17726.0,18350.0,17538.0,18194.5,1090.3329300585342,19838062.49595
2020-11-28,BTC/USD,17147.0,17888.5,16881.5,17726.0,1103.404970529166,19558956.5076
2020-11-27,BTC/USD,17150.5,17468.5,16432.0,17147.0,2047.2144721467316,35103586.5539
2020-11-26,BTC/USD,18721.5,18915.0,16200.0,17150.5,6128.709544138656,105110433.03675
2020-11-25,BTC/USD,19167.5,19509.0,18512.0,18721.5,3450.273088542585,64594287.62715
2020-11-24,BTC/USD,18382.5,19436.0,18063.5,19167.5,3980.4262447397937,76294820.04605
2020-11-23,BTC/USD,18437.5,18778.5,18015.5,18382.5,1847.5682933469334,33962924.15245
2020-11-22,BTC/USD,18717.0,18768.5,17629.5,18437.5,2047.1452557315254,37744240.65255
2020-11-21,BTC/USD,18673.5,18984.0,18354.0,18717.0,1494.294048469306,27968701.7052
2020-11-20,BTC/USD,17824.5,18828.0,17769.0,18673.5,2469.5441848903524,46115033.33655
2020-11-19,BTC/USD,17792.5,18184.5,17358.0,17824.5,1875.9191918090269,33437321.6344
2020-11-18,BTC/USD,17683.0,18491.5,17250.0,17792.5,4242.481658358859,75484354.90635
2020-11-17,BTC/USD,16722.5,17873.0,16567.5,17683.0,3842.0737373239836,67939389.8971
2020-11-16,BTC/USD,15971.5,16894.5,15878.0,16722.5,2559.825317969801,42806678.87975
2020-11-15,BTC/USD,16080.5,16174.5,15787.0,15971.5,758.4178949128136,12113071.4086
2020-11-14,BTC/USD,16337.0,16340.5,15721.5,16080.5,866.4400973663754,13932789.9857
2020-11-13,BTC/USD,16300.0,16490.0,15967.5,16337.0,2444.118004517353,39929555.8398
2020-11-12,BTC/USD,15700.5,16360.0,15460.0,16300.0,3101.87049907362,50560489.1349
2020-11-11,BTC/USD,15313.5,16011.5,15293.5,15700.5,1838.027789009904,28857955.30135
2020-11-10,BTC/USD,15338.5,15481.0,15094.0,15313.5,1235.9362853952396,18926510.3064
2020-11-09,BTC/USD,15485.5,15853.0,14817.5,15338.5,3827.6664334224342,58710661.58905
2020-11-08,BTC/USD,14838.0,15667.0,14729.0,15485.5,1151.519533047044,17831855.729000002
2020-11-07,BTC/USD,15600.0,15776.0,14349.0,14838.0,3437.4145241103924,51004356.70875
2020-11-06,BTC/USD,15608.0,15974.0,15185.5,15600.0,4384.18244101282,68393246.0798
2020-11-05,BTC/USD,14166.0,15765.0,14115.5,15608.0,4503.916981692081,70297136.25025
2020-11-04,BTC/USD,14033.5,14274.0,13534.0,14166.0,2777.160496315121,39341255.5908
2020-11-03,BTC/USD,13567.0,14074.0,13292.0,14033.5,2764.201657441123,38791423.9597
2020-11-02,BTC/USD,13768.5,13846.0,13214.5,13567.0,2584.6888169971257,35066473.1802
2020-11-01,BTC/USD,13802.5,13908.0,13634.5,13768.5,2114.357928267422,29111537.13535
2020-10-31,BTC/USD,13569.5,14101.0,13430.0,13802.5,2719.9181216989678,37541669.87475
2020-10-30,BTC/USD,13468.5,13678.5,13128.0,13569.5,3160.2874157448687,42883520.08795
2020-10-29,BTC/USD,13277.5,13655.0,12983.0,13468.5,2711.9336830085017,36525678.8096
2020-10-28,BTC/USD,13642.0,13862.0,12897.0,13277.5,3513.780420794577,46654219.5371
2020-10-27,BTC/USD,13069.5,13792.5,13064.0,13642.0,2659.522995862044,36281212.70955
2020-10-26,BTC/USD,13044.0,13245.5,12780.0,13069.5,2199.9775229733345,28752606.2365
2020-10-25,BTC/USD,13124.0,13361.0,12908.5,13044.0,2333.236934506286,30434742.5737
2020-10-24,BTC/USD,12938.0,13175.5,12883.0,13124.0,1161.8068783069184,15247553.4709
2020-10-23,BTC/USD,12988.0,13037.5,12729.0,12938.0,6159.1015949258,79686456.43515
2020-10-22,BTC/USD,12807.0,13200.5,12625.5,12988.0,9850.989244783646,127944648.31125
2020-10-21,BTC/USD,11921.5,13245.5,11901.0,12807.0,11153.513500823767,142843047.40505
2020-10-20,BTC/USD,11759.0,12052.5,11689.5,11921.5,4701.163554355576,56044921.31325
2020-10-19,BTC/USD,11510.0,11835.5,11417.5,11759.0,3783.0080491155713,44484391.64955
2020-10-18,BTC/USD,11365.0,11514.5,11351.5,11510.0,1790.383167688966,20607310.2601
2020-10-17,BTC/USD,11326.5,11408.5,11270.5,11365.0,1941.2948180246372,22062815.60685
2020-10-16,BTC/USD,11510.0,11548.5,11200.0,11326.5,5506.754243212818,62372251.93575
2020-10-15,BTC/USD,11427.0,11619.5,11266.0,11510.0,3305.0683551911384,38041336.76825
2020-10-14,BTC/USD,11427.0,11554.5,11296.0,11427.0,1931.04340189026,22066032.9534
2020-10-13,BTC/USD,11535.5,11559.5,11313.5,11427.0,4470.117334650389,51080030.78305
2020-10-12,BTC/USD,11373.0,11727.0,11200.0,11535.5,4812.480877495557,55514373.16235
2020-10-11,BTC/USD,11298.0,11443.0,11280.5,11373.0,2916.1835669348457,33165755.70675
2020-10-10,BTC/USD,11058.0,11490.5,11057.5,11298.0,3521.4406110462032,39785236.0236
2020-10-09,BTC/USD,10930.5,11110.5,10826.5,11058.5,2768.3305169010264,30613583.02115
2020-10-08,BTC/USD,10669.0,10967.5,10535.0,10930.5,2436.026554860253,26626988.2579
2020-10-07,BTC/USD,10602.5,10681.0,10544.0,10669.0,1415.882965704377,15106055.3611
2020-10-06,BTC/USD,10800.0,10805.5,10523.0,10602.5,3452.9148083282244,36609529.2553
2020-10-05,BTC/USD,10669.5,10804.0,10624.0,10800.0,3231.5617789722223,34900867.2129
2020-10-04,BTC/USD,10550.0,10701.0,10526.0,10669.5,2375.24414608932,25342667.4167
2020-10-03,BTC/USD,10573.5,10610.5,10500.0,10550.0,2604.107320094787,27473332.226999998
2020-10-02,BTC/USD,10614.0,10663.5,10380.5,10573.5,10679.230791327374,112916846.7721
2020-10-01,BTC/USD,10777.5,10950.5,10448.0,10614.0,8489.285137003015,90105272.44415
2020-09-30,BTC/USD,10841.5,10849.5,10660.5,10777.5,3103.6097300162373,33449153.86525
2020-09-29,BTC/USD,10690.5,10867.5,10637.0,10841.5,3422.8455816261585,37108780.3732
2020-09-28,BTC/USD,10775.5,10951.0,10633.5,10690.5,4842.806826799495,51772026.3819
2020-09-27,BTC/USD,10731.0,10804.0,10595.5,10775.5,2852.8411898705394,30740790.24145
2020-09-26,BTC/USD,10692.5,10831.0,10655.5,10731.0,4548.278079997204,48807572.07645
2020-09-25,BTC/USD,10744.5,10763.5,10558.0,10692.5,2459.1833678512976,26294818.16075
2020-09-24,BTC/USD,10239.5,10808.5,10191.5,10745.0,4239.744201270359,45556051.44265
2020-09-23,BTC/USD,10533.5,10539.0,10136.5,10239.5,4688.279307759168,48005635.9718
2020-09-22,BTC/USD,10419.0,10577.5,10360.0,10533.5,2833.1759049461243,29843258.39475
2020-09-21,BTC/USD,10919.5,10994.0,10285.0,10419.0,3496.382332119205,36428807.51835
2020-09-20,BTC/USD,11082.5,11082.5,10763.0,10919.5,1344.8104981043089,14684658.23405
2020-09-19,BTC/USD,10937.0,11181.0,10892.0,11082.5,1433.8804254545455,15890979.8151
2020-09-18,BTC/USD,10943.0,11043.5,10816.0,10937.0,1507.175207945506,16483975.2493
2020-09-17,BTC/USD,10954.5,11047.0,10742.0,10943.0,2572.1082065110118,28146580.10385
2020-09-16,BTC/USD,10785.5,11098.5,10660.5,10954.5,4098.365901912456,44895549.2725
2020-09-15,BTC/USD,10676.5,10937.0,10621.0,10785.5,3888.735110365768,41941952.53285
2020-09-14,BTC/USD,10332.5,10757.5,10252.5,10676.5,2547.1964068795955,27195142.43805
2020-09-13,BTC/USD,10442.0,10584.0,10212.0,10332.5,2283.43670091459,23593609.7122
2020-09-12,BTC/USD,10394.0,10479.0,10273.0,10442.0,1580.7358541036199,16506043.78855
2020-09-11,BTC/USD,10340.5,10407.5,10202.5,10394.5,2806.9813622925585,29177167.77035
2020-09-10,BTC/USD,10221.0,10490.0,10216.5,10340.5,4612.787552724723,47698529.68895
2020-09-09,BTC/USD,10126.5,10349.5,9983.0,10221.0,2647.670021690637,27061835.2917
2020-09-08,BTC/USD,10374.0,10442.5,9850.0,10126.5,6412.1987385078755,64933130.5255
2020-09-07,BTC/USD,10256.5,10410.0,9879.5,10374.0,4338.835793112589,45011082.51775
2020-09-06,BTC/USD,10169.0,10351.0,9991.5,10256.5,1002.1656934041828,10278712.4344
2020-09-05,BTC/USD,10455.5,10569.0,9837.0,10167.5,2212.2267635800345,22492815.6187
2020-09-04,BTC/USD,10165.0,10636.0,9825.0,10455.5,2400.408012978815,25097465.9797
2020-09-03,BTC/USD,11396.5,11475.0,9850.0,10165.0,3031.9667723266107,30819942.2407
2020-09-02,BTC/USD,11924.5,11957.5,11133.0,11396.5,2126.9586245513974,24239883.9647
2020-09-01,BTC/USD,11654.5,12064.0,11529.0,11925.0,3325.612266020964,39657926.2723
2020-08-31,BTC/USD,11713.0,11780.5,11576.5,11654.5,1980.0680856750607,23076703.5045
2020-08-30,BTC/USD,11473.5,11721.0,11463.5,11714.5,1096.3730902087157,12843462.56525
2020-08-29,BTC/USD,11534.5,11587.0,11430.0,11473.5,1371.454722599904,15735385.75975
2020-08-28,BTC/USD,11333.0,11552.5,11280.5,11534.5,1806.217434210412,20833814.9949
2020-08-27,BTC/USD,11467.0,11592.5,11128.5,11333.0,4085.934881792112,46305900.01535
2020-08-26,BTC/USD,11327.5,11545.5,11254.0,11467.0,2737.036768269818,31385600.62175
2020-08-25,BTC/USD,11752.0,11769.0,11113.0,11327.5,2971.1630559081877,33655849.5158
2020-08-24,BTC/USD,11653.0,11829.5,11594.0,11752.0,660.6489517741661,7763946.48125
2020-08-23,BTC/USD,11671.0,11718.5,11525.5,11653.0,1598.9351896550245,18632391.76505
2020-08-22,BTC/USD,11530.0,11692.0,11369.5,11673.5,2496.2698205122715,29140205.74975
2020-08-21,BTC/USD,11863.0,11887.0,11483.0,11530.0,2118.9527734518647,24431525.4779
2020-08-20,BTC/USD,11757.0,11894.5,11677.0,11864.0,946.635899570128,11230888.3125
2020-08-19,BTC/USD,11954.5,12022.5,11565.5,11757.0,601.0116496385133,7066093.9648
2020-08-18,BTC/USD,12297.0,12402.0,11811.5,11954.5,826.107952507424,9875707.51825
2020-08-17,BTC/USD,11917.5,12485.5,11716.0,12297.0,1014.4265678010896,12474403.50425
2020-08-16,BTC/USD,11858.5,11940.5,11691.5,11917.5,526.4563426515629,6274043.46355
2020-08-15,BTC/USD,11775.5,11991.5,11689.5,11858.5,836.1453082598981,9915429.138
2020-08-14,BTC/USD,11798.0,11863.5,11656.0,11775.5,773.2729902679291,9105676.0969
2020-08-13,BTC/USD,11569.5,11811.0,11274.5,11798.0,716.6599591329039,8455154.19785
2020-08-12,BTC/USD,11388.0,11628.0,11155.0,11569.5,516.0279249060029,5970185.0772
2020-08-11,BTC/USD,11903.0,11944.5,11123.5,11388.0,996.2700810063224,11345523.6825
2020-08-10,BTC/USD,11687.0,12079.5,11534.0,11903.0,823.0313739813491,9796542.4445
2020-08-09,BTC/USD,11768.0,11800.0,11534.0,11687.0,407.23150178831185,4759314.5614
2020-08-08,BTC/USD,11608.5,11814.0,11527.0,11768.0,676.738105421482,7963854.0246
2020-08-07,BTC/USD,11772.0,11920.5,11331.0,11604.0,2368.0679644993106,27479060.66005
2020-08-06,BTC/USD,11756.0,11913.0,11575.0,11772.0,1643.8813499447842,19351771.25155
2020-08-05,BTC/USD,11199.5,11795.5,11103.0,11756.5,2088.8175825926082,24557183.90975
2020-08-04,BTC/USD,11234.0,11422.5,11024.0,11199.5,1718.0740702397427,19241570.54965
2020-08-03,BTC/USD,11070.0,11480.5,10931.0,11234.0,918.6886440537653,10320548.2273
2020-08-02,BTC/USD,11816.0,12115.5,10727.5,11070.0,1387.5243634688347,15359894.7036
2020-08-01,BTC/USD,11352.0,11885.5,11236.0,11816.0,1923.0087571386255,22722271.47435
2020-07-31,BTC/USD,11114.0,11460.0,10971.5,11352.0,2389.4518979827344,27125057.9459
2020-07-30,BTC/USD,11113.0,11188.0,10828.0,11114.0,694.648563626957,7720324.13615
2020-07-29,BTC/USD,10929.0,11353.0,10848.5,11113.0,1236.4339171060922,13740490.1208
2020-07-28,BTC/USD,11046.0,11259.5,10580.5,10929.5,1758.8378680223248,19223218.47855
2020-07-27,BTC/USD,9943.0,11420.0,9936.5,11046.0,2682.439800144849,29630230.0324
2020-07-26,BTC/USD,9711.0,10201.5,9657.5,9941.5,988.7787902831565,9829944.3436
2020-07-25,BTC/USD,9549.5,9749.0,9535.0,9711.0,738.2633492688702,7169275.38475
2020-07-24,BTC/USD,9610.5,9648.5,9476.5,9552.0,591.1023806113902,5646209.9396
2020-07-23,BTC/USD,9537.0,9682.5,9451.5,9610.5,653.6334993028457,6281744.74505
2020-07-22,BTC/USD,9394.5,9570.5,9276.0,9538.0,542.4773146676451,5174148.6273
2020-07-21,BTC/USD,9163.0,9442.5,9155.5,9394.0,761.7088010538641,7155492.4771
2020-07-20,BTC/USD,9213.5,9226.0,9130.5,9163.0,445.72093963221647,4084140.96985
2020-07-19,BTC/USD,9172.0,9241.0,9103.0,9213.5,350.2590711781625,3227111.9523
2020-07-18,BTC/USD,9153.0,9209.5,9124.5,9172.5,257.55664129735624,2362438.2923
2020-07-17,BTC/USD,9130.5,9182.0,9080.0,9153.0,378.2630089697367,3462241.3211
2020-07-16,BTC/USD,9190.0,9217.5,9032.5,9130.5,578.3655947428947,5280767.0628
2020-07-15,BTC/USD,9257.5,9273.5,9153.5,9190.0,454.5862328073993,4177647.4795
2020-07-14,BTC/USD,9237.5,9278.5,9108.0,9257.5,728.2777366459627,6742031.147000001
2020-07-13,BTC/USD,9305.0,9341.0,9196.5,9237.5,553.3017622462787,5111125.02875
2020-07-12,BTC/USD,9233.0,9344.5,9156.0,9305.0,559.5153574476088,5206290.40105
2020-07-11,BTC/USD,9291.0,9301.0,9180.5,9233.0,310.41543899057723,2866065.7482
2020-07-10,BTC/USD,9235.5,9316.5,9112.5,9291.0,473.1188850446669,4395747.56095
2020-07-09,BTC/USD,9438.5,9443.5,9159.5,9235.5,599.4168225488604,5535914.06465
2020-07-08,BTC/USD,9255.5,9478.5,9234.5,9438.5,514.3630514859352,4854815.66145
2020-07-07,BTC/USD,9342.0,9380.5,9206.5,9255.5,403.4099585867862,3733760.8717
2020-07-06,BTC/USD,9076.0,9379.0,9064.0,9342.0,675.1692685292227,6307431.3066
2020-07-05,BTC/USD,9140.0,9146.5,8906.5,9076.0,370.1854826300132,3359803.44035
2020-07-04,BTC/USD,9058.5,9194.5,9044.5,9140.0,423.4591778282276,3870416.88535
2020-07-03,BTC/USD,9089.0,9124.5,9041.5,9058.5,292.15688496991777,2646503.1425
2020-07-02,BTC/USD,9238.5,9267.0,8941.0,9089.0,796.8786825998459,7242830.34615
2020-07-01,BTC/USD,9136.0,9297.0,9088.5,9238.5,606.3784310007037,5602027.1348
2020-06-30,BTC/USD,9183.5,9200.5,9056.0,9136.0,737.8682035847197,6741163.90795
2020-06-29,BTC/USD,9114.0,9234.5,9015.0,9190.0,873.2635340261154,8025291.8777
2020-06-28,BTC/USD,9004.0,9189.5,8931.0,9114.0,783.7730991496599,7143308.02565
2020-06-27,BTC/USD,9154.0,9186.5,8820.5,9004.0,1343.3240358396267,12095289.6187
2020-06-26,BTC/USD,9239.5,9291.0,9030.5,9154.0,1481.906259744374,13565369.9017
2020-06-25,BTC/USD,9281.5,9335.5,8989.5,9239.5,1311.6734343146275,12119206.69635
2020-06-24,BTC/USD,9621.5,9666.5,9038.5,9281.5,991.9415705812636,9206705.68735
2020-06-23,BTC/USD,9688.5,9721.0,9574.0,9621.5,512.8524357064906,4934409.71015
2020-06-22,BTC/USD,9283.0,9791.0,9264.0,9688.5,600.0979116220261,5814048.61675
2020-06-21,BTC/USD,9358.5,9421.5,9271.0,9283.0,302.11982995260155,2804578.38145
2020-06-20,BTC/USD,9299.5,9394.0,9165.0,9358.5,396.202979312924,3707865.5819
2020-06-19,BTC/USD,9377.0,9430.0,9231.5,9299.5,722.3853293510404,6717822.3703
2020-06-18,BTC/USD,9456.0,9478.5,9271.0,9377.0,589.924289458249,5531720.06225
2020-06-17,BTC/USD,9527.5,9561.5,9232.5,9456.0,823.8021062129865,7789872.71635
2020-06-16,BTC/USD,9429.5,9591.5,9381.0,9527.5,892.763388737864,8505803.1862
2020-06-15,BTC/USD,9334.5,9500.5,8896.5,9429.5,993.3482063417996,9366776.9117
2020-06-14,BTC/USD,9476.0,9485.5,9240.0,9334.5,272.541668198618,2544040.2018
2020-06-13,BTC/USD,9463.5,9499.5,9350.5,9476.0,168.68371617771209,1598446.8945
2020-06-12,BTC/USD,9270.5,9553.0,9232.0,9463.5,540.3207559042638,5113325.4735
2020-06-11,BTC/USD,9896.0,9979.0,9060.0,9270.0,908.05238688781,8417645.62645
2020-06-10,BTC/USD,9779.5,10011.0,9660.0,9896.0,480.07071641572367,4750779.80965
2020-06-09,BTC/USD,9784.5,9890.0,9565.0,9777.5,410.17644548708773,4010500.19575
2020-06-08,BTC/USD,9753.5,9819.5,9634.0,9784.5,290.30555652818236,2840494.71785
2020-06-07,BTC/USD,9665.5,9820.0,9376.0,9753.5,493.79561808068894,4816235.56095
2020-06-06,BTC/USD,9617.0,9733.5,9530.0,9665.5,190.01181325332368,1836559.1809999999
2020-06-05,BTC/USD,9791.5,9859.5,9588.0,9617.0,604.4914544556515,5813394.3175
2020-06-04,BTC/USD,9666.5,9890.0,9451.0,9791.5,741.292641045805,7258366.8948
2020-06-03,BTC/USD,9522.5,9691.5,9395.0,9666.5,346.6350024828014,3350747.2515
2020-06-02,BTC/USD,10205.0,10230.5,9280.5,9522.5,1972.4295154686274,18782460.06105
2020-06-01,BTC/USD,9447.5,10425.5,9415.0,10205.0,1270.9173280156785,12969711.3324
2020-05-31,BTC/USD,9702.5,9709.5,9389.0,9447.5,771.1270043291876,7285222.3734
2020-05-30,BTC/USD,9424.0,9748.0,9335.5,9702.5,787.1555669208967,7637376.88805
2020-05-29,BTC/USD,9580.0,9607.0,9334.0,9424.0,725.2602774883278,6834852.85505
2020-05-28,BTC/USD,9205.0,9623.0,9115.0,9580.0,663.7628403601253,6358848.01065
2020-05-27,BTC/USD,8843.0,9229.5,8811.5,9205.0,466.74821304725685,4296417.3011
2020-05-26,BTC/USD,8900.5,9015.5,8695.0,8843.0,531.4101771231484,4699260.1963
2020-05-25,BTC/USD,8717.0,8979.0,8633.0,8900.5,441.3736202909949,3928445.9074
2020-05-24,BTC/USD,9174.0,9305.0,8682.5,8717.0,371.59488768498335,3239192.63595
2020-05-23,BTC/USD,9165.0,9314.0,9094.0,9174.0,176.9571505613691,1623404.89925
2020-05-22,BTC/USD,9060.0,9271.0,8930.5,9165.0,348.3286487343153,3192432.06565
2020-05-21,BTC/USD,9511.5,9566.5,8801.0,9060.0,386.37623123068425,3500568.65495
2020-05-20,BTC/USD,9783.0,9834.5,9293.0,9511.5,636.991362976397,6058743.34895
2020-05-19,BTC/USD,9731.0,9898.0,9457.5,9782.5,457.86597735752616,4479073.9235
2020-05-18,BTC/USD,9673.0,9955.0,9407.0,9731.0,790.3870125269756,7691256.0189
2020-05-17,BTC/USD,9385.0,9894.0,9327.5,9673.0,524.6271421430787,5074718.34595
2020-05-16,BTC/USD,9304.5,9584.5,9213.5,9385.0,629.6252035908365,5909032.5357
2020-05-15,BTC/USD,9795.5,9854.0,9107.0,9304.5,1311.6219784835291,12203986.6988
2020-05-14,BTC/USD,9326.0,9945.0,9267.0,9795.5,1496.078801883518,14654839.90385
2020-05-13,BTC/USD,8823.0,9416.0,8807.0,9326.0,622.6289248606048,5806637.35325
2020-05-12,BTC/USD,8578.5,8980.5,8540.0,8823.0,1124.7081151649097,9923299.7001
2020-05-11,BTC/USD,8729.0,9173.0,8199.0,8578.5,3119.6176957043767,26761640.4026
2020-05-10,BTC/USD,9535.5,9564.5,8111.0,8729.0,8924.920192421812,77905628.35965
2020-05-09,BTC/USD,9813.5,9918.5,9517.0,9535.5,1560.262389581039,14877882.01585
2020-05-08,BTC/USD,10003.5,10050.5,9729.5,9810.0,2631.527716702345,25815286.90085
2020-05-07,BTC/USD,9155.5,10076.5,9037.0,10004.5,4609.195702803738,46112698.4087
2020-05-06,BTC/USD,9030.0,9420.0,8922.5,9155.5,2695.0805046310957,24674809.56015
2020-05-05,BTC/USD,8889.0,9123.0,8762.5,9030.0,2411.185072740864,21773001.20685
2020-05-04,BTC/USD,8905.5,8971.0,8536.0,8889.0,1760.0482001349985,15645068.451
2020-05-03,BTC/USD,8981.0,9203.5,8730.0,8905.5,4800.842803890853,42753905.59005
2020-05-02,BTC/USD,8833.5,9023.5,8763.5,8981.0,2118.5469216568313,19026669.9034
2020-05-01,BTC/USD,8622.5,9070.0,8620.0,8833.5,3108.0513361861103,27454971.4782
2020-04-30,BTC/USD,8788.5,9468.0,8402.0,8622.5,5517.925106680196,47578309.23235
2020-04-29,BTC/USD,7755.0,8978.0,7728.5,8788.5,3083.004374153724,27094983.94225
2020-04-28,BTC/USD,7794.0,7798.5,7665.5,7755.0,866.395310483559,6718895.6328
2020-04-27,BTC/USD,7705.0,7810.0,7635.0,7794.0,1882.244295432384,14670212.0386
2020-04-26,BTC/USD,7550.0,7714.5,7483.5,7705.0,1525.1228349123944,11751071.443
2020-04-25,BTC/USD,7509.5,7717.5,7438.5,7550.0,1160.8954935099334,8764760.976
2020-04-24,BTC/USD,7487.0,7614.5,7397.5,7509.5,1404.9244416472468,10550280.09455
2020-04-23,BTC/USD,7135.5,7790.5,7034.0,7488.0,1902.92070390625,14249070.23085
2020-04-22,BTC/USD,6852.5,7167.0,6825.0,7135.5,531.3445497092005,3791409.03445
2020-04-21,BTC/USD,6837.5,6962.0,6774.0,6852.5,1333.3439079897846,9136739.1295
2020-04-20,BTC/USD,7130.0,7240.5,6760.0,6837.5,565.570812987203,3867090.4338
2020-04-19,BTC/USD,7260.5,7276.5,7066.0,7130.0,676.2794160308555,4821872.2363
2020-04-18,BTC/USD,7034.5,7308.5,7022.0,7260.5,942.4277180634942,6842496.447000001
2020-04-17,BTC/USD,7113.5,7154.5,6999.5,7035.0,407.2902530987917,2865286.93055
2020-04-16,BTC/USD,6622.5,7223.0,6474.5,7113.0,1081.5260654154365,7692894.9033
2020-04-15,BTC/USD,6873.5,6941.0,6609.0,6622.5,686.085944824462,4543604.1696
2020-04-14,BTC/USD,6858.0,6992.5,6771.5,6873.5,894.6752330617591,6149550.21445
2020-04-13,BTC/USD,6910.5,6911.0,6580.5,6858.0,755.6975356590843,5182573.69955
2020-04-12,BTC/USD,6890.0,7205.0,6789.5,6910.5,297.5599744229795,2056288.20325
2020-04-11,BTC/USD,6871.0,6953.5,6769.5,6889.5,314.97005584585236,2169986.19975
2020-04-10,BTC/USD,7292.0,7302.0,6748.5,6871.0,1627.6377844782419,11183499.21715
2020-04-09,BTC/USD,7369.0,7377.0,7110.5,7292.0,1660.8098608749317,12110625.5055
2020-04-08,BTC/USD,7200.0,7428.0,7152.5,7369.0,1072.4334965666983,7902762.4362
2020-04-07,BTC/USD,7341.5,7470.0,7078.0,7199.5,1190.554568164456,8571397.6135
2020-04-06,BTC/USD,6781.5,7371.0,6771.0,7342.0,1115.930234540997,8193159.782000001
2020-04-05,BTC/USD,6874.5,6912.5,6675.0,6781.5,330.2038746737448,2239277.5761
2020-04-04,BTC/USD,6738.5,7014.5,6655.0,6874.5,336.5656119426868,2313720.2993
2020-04-03,BTC/USD,6799.5,7051.5,6612.0,6739.5,1208.538985317902,8144948.49155
2020-04-02,BTC/USD,6666.0,7273.0,6569.0,6799.5,3336.185342194279,22684392.23425
2020-04-01,BTC/USD,6424.5,6700.0,6160.0,6665.0,946.3016415903976,6307100.4412
2020-03-31,BTC/USD,6407.5,6529.0,6337.0,6425.0,437.1878975252918,2808932.2416
2020-03-30,BTC/USD,5877.5,6626.0,5858.0,6406.5,1287.2703868258802,8246897.7332
2020-03-29,BTC/USD,6250.5,6278.5,5869.0,5877.5,705.1892756529138,4144749.96765
2020-03-28,BTC/USD,6369.5,6369.5,6011.0,6253.0,1671.5469852630738,10452183.29885
2020-03-27,BTC/USD,6760.5,6875.5,6271.5,6371.0,1357.1569768953068,8646447.0998
2020-03-26,BTC/USD,6690.0,6799.0,6520.0,6757.5,1194.188521990381,8069728.93735
2020-03-25,BTC/USD,6767.0,6989.5,6473.5,6688.0,2262.149167636065,15129253.63315
2020-03-24,BTC/USD,6489.5,6867.5,6402.0,6767.5,992.5510150129294,6717088.9941
2020-03-23,BTC/USD,5814.0,6680.0,5682.5,6498.0,1856.8004961911358,12065489.62425
2020-03-22,BTC/USD,6195.5,6422.5,5740.0,5814.0,1479.3164904798762,8600746.07565
2020-03-21,BTC/USD,6211.5,6466.0,5870.0,6195.5,2599.3203453474302,16104089.1996
2020-03-20,BTC/USD,6182.0,6948.5,5657.0,6211.0,2971.05448137981,18453219.38385
2020-03-19,BTC/USD,5414.0,6428.0,5268.0,6182.0,2084.5450910789386,12886657.75305
2020-03-18,BTC/USD,5330.5,5457.0,5016.5,5416.0,1727.5676622230426,9356506.4586
2020-03-17,BTC/USD,5039.0,5566.5,4934.5,5333.5,1462.4083016686982,7799754.67695
2020-03-16,BTC/USD,5348.5,5352.0,4426.5,5035.0,4956.995208709037,24958470.87585
2020-03-15,BTC/USD,5164.0,5971.0,5092.5,5349.5,4240.39672235723,22684002.26625
2020-03-14,BTC/USD,5648.5,5671.5,5053.0,5164.0,2453.087522860186,12667743.96805
2020-03-13,BTC/USD,4857.0,5999.5,3900.0,5639.0,4273.702499742862,24099408.39605
2020-03-12,BTC/USD,7941.5,7969.5,4519.0,4863.0,9583.838613798067,46606207.1789
2020-03-11,BTC/USD,7893.0,7988.0,7589.5,7941.5,618.953569004596,4915419.76825
2020-03-10,BTC/USD,7931.5,8154.0,7736.0,7893.0,944.1171641834537,7451916.7769
2020-03-09,BTC/USD,8039.0,8195.0,7634.0,7931.5,1956.7935556010846,15520308.08625
2020-03-08,BTC/USD,8897.0,8897.0,8003.5,8039.0,1577.2167188891653,12679245.20315
2020-03-07,BTC/USD,9157.0,9219.5,8836.5,8897.0,287.79933328088117,2560550.6682
2020-03-06,BTC/USD,9070.0,9180.0,8991.5,9157.0,240.83752812056355,2205349.245
2020-03-05,BTC/USD,8759.0,9173.5,8758.5,9071.0,578.136797993606,5244278.8946
2020-03-04,BTC/USD,8757.0,8852.0,8670.0,8758.5,230.76996907004624,2021198.7741
2020-03-03,BTC/USD,8921.5,8925.5,8622.0,8757.0,534.9596701895626,4684641.83185
2020-03-02,BTC/USD,8522.5,8971.0,8490.0,8919.5,418.26914040024667,3730751.5978
2020-03-01,BTC/USD,8526.0,8758.5,8411.0,8522.5,594.5349764212381,5066924.33655
2020-02-29,BTC/USD,8702.5,8800.5,8522.5,8528.0,559.4237998416978,4770766.16505
2020-02-28,BTC/USD,8818.0,8901.5,8426.0,8705.0,597.7766472544515,5203645.71435
2020-02-27,BTC/USD,8782.0,8973.0,8520.0,8817.0,859.9908265112849,7582539.11735
2020-02-26,BTC/USD,9305.0,9369.0,8609.0,8779.5,1199.4944844922834,10530961.8266
2020-02-25,BTC/USD,9659.5,9681.0,9242.5,9305.5,359.683848594917,3347038.0531
2020-02-24,BTC/USD,9970.0,10028.0,9482.0,9659.5,608.668253729489,5879430.9969
2020-02-23,BTC/USD,9665.5,10029.5,9665.0,9971.0,304.13027940026075,3032483.0159
2020-02-22,BTC/USD,9694.0,9720.5,9571.5,9665.5,251.80189087476074,2433791.17625
2020-02-21,BTC/USD,9606.0,9772.5,9535.0,9694.0,389.1841865483805,3772751.5044
2020-02-20,BTC/USD,9595.0,9700.5,9359.5,9606.0,604.9745457682699,5811385.48665
2020-02-19,BTC/USD,10190.5,10305.5,9313.0,9599.5,794.0327541382362,7622317.42335
2020-02-18,BTC/USD,9706.5,10286.0,9604.5,10187.5,753.1394983803682,7672608.63975
2020-02-17,BTC/USD,9926.5,9974.0,9464.5,9704.5,1439.6863738265754,13971436.4148
2020-02-16,BTC/USD,9909.0,10052.0,9635.5,9929.5,707.4138614331032,7024265.9371
2020-02-15,BTC/USD,10367.5,10401.5,9788.0,9909.0,745.6425514935918,7388572.04275
2020-02-14,BTC/USD,10236.0,10393.5,10093.0,10367.5,461.3867386689173,4783427.01315
2020-02-13,BTC/USD,10350.0,10557.5,10076.0,10235.0,706.9742868490472,7235881.8259
2020-02-12,BTC/USD,10270.5,10489.0,10245.5,10350.0,840.6258645024153,8700477.6976
2020-02-11,BTC/USD,9851.0,10375.0,9712.5,10270.5,1136.0990222822647,11668305.00835
2020-02-10,BTC/USD,10165.0,10199.0,9660.0,9851.0,756.6324580194904,7453586.34395
2020-02-09,BTC/USD,9911.5,10183.0,9892.0,10165.0,389.99663543531716,3964315.7992
2020-02-08,BTC/USD,9810.5,9948.0,9660.0,9911.5,286.761598521919,2842237.58375
2020-02-07,BTC/USD,9759.5,9875.0,9712.5,9810.5,578.3536482748077,5673938.4664
2020-02-06,BTC/USD,9613.5,9861.5,9515.5,9759.5,577.0017015062248,5631248.10585
2020-02-05,BTC/USD,9164.5,9765.0,9150.0,9615.0,801.8753690691627,7710031.6736
2020-02-04,BTC/USD,9280.5,9350.0,9074.5,9164.5,600.8910582083038,5506866.10295
2020-02-03,BTC/USD,9323.5,9617.5,9217.5,9280.5,409.24227551856046,3797972.93795
2020-02-02,BTC/USD,9383.0,9483.0,9120.5,9320.5,769.7934425460008,7174859.78125
2020-02-01,BTC/USD,9338.5,9457.0,9287.5,9383.0,248.42493610252583,2330971.17545
2020-01-31,BTC/USD,9506.0,9521.5,9188.0,9338.5,470.59638595063456,4394664.3502
2020-01-30,BTC/USD,9284.5,9571.0,9184.0,9507.5,775.1781892505917,7370006.6343
2020-01-29,BTC/USD,9384.5,9428.5,9222.5,9283.0,1136.923998125606,10554065.4746
2020-01-28,BTC/USD,8895.5,9417.0,8887.0,9386.0,1678.8341006765397,15757536.86895
2020-01-27,BTC/USD,8595.5,8988.0,8564.5,8895.5,564.2057026417851,5018891.82785
2020-01-26,BTC/USD,8326.5,8595.5,8286.0,8595.5,318.667636210808,2739107.66705
2020-01-25,BTC/USD,8429.5,8433.0,8256.5,8327.5,120.63074163914742,1004552.5009999999
2020-01-24,BTC/USD,8387.0,8511.0,8223.5,8429.5,283.90581076576314,2393184.03185
2020-01-23,BTC/USD,8660.0,8666.5,8283.5,8387.0,415.5363883510194,3485103.6891
2020-01-22,BTC/USD,8724.5,8796.0,8573.5,8660.0,534.1408409526558,4625659.68265
2020-01-21,BTC/USD,8629.5,8772.5,8469.0,8723.5,561.5980122485241,4899100.25985
2020-01-20,BTC/USD,8699.5,8735.5,8510.5,8629.5,384.25119400312883,3315895.67865
2020-01-19,BTC/USD,8909.5,9187.5,8479.5,8699.5,1299.5341444220933,11305297.2894
2020-01-18,BTC/USD,8900.0,8980.0,8805.0,8910.5,362.4885229728971,3229953.98395
2020-01-17,BTC/USD,8718.5,9011.5,8665.0,8900.0,984.0798866853933,8758310.9915
2020-01-16,BTC/USD,8813.5,8848.0,8582.0,8714.0,761.0288326945148,6631605.2481
2020-01-15,BTC/USD,8811.5,8898.5,8503.0,8811.0,1635.0145898308933,14406113.550999999
2020-01-14,BTC/USD,8109.5,8894.0,8104.0,8818.0,1428.9806168632344,12600751.0795
2020-01-13,BTC/USD,8178.0,8188.5,8042.5,8108.5,1172.0361697292965,9503455.28225
2020-01-12,BTC/USD,8017.5,8191.0,7963.0,8178.0,643.5974998960626,5263340.35415
2020-01-11,BTC/USD,8198.0,8285.5,8004.5,8022.0,620.3872984729494,4976746.90835
2020-01-10,BTC/USD,7815.5,8192.0,7673.5,8192.0,1032.5724590637208,8458833.58465
2020-01-09,BTC/USD,8046.5,8047.0,7752.0,7815.0,461.86210917466417,3609452.3832
2020-01-08,BTC/USD,8159.5,8463.5,7871.0,8044.5,1148.634465081733,9240189.95435
2020-01-07,BTC/USD,7764.0,8213.5,7732.0,8156.5,492.31813955740824,4015592.9053
2020-01-06,BTC/USD,7350.0,7806.0,7341.0,7764.0,845.2982241112828,6562895.4120000005
2020-01-05,BTC/USD,7347.0,7490.5,7311.5,7350.0,141.18589587074828,1037716.33465
2020-01-04,BTC/USD,7338.0,7395.5,7263.5,7347.0,83.11121510820743,610618.0974
2020-01-03,BTC/USD,6941.0,7397.5,6850.0,7335.5,387.3172273805466,2841165.52145
2020-01-02,BTC/USD,7171.0,7178.0,6903.5,6941.0,1071.0746332516928,7434329.0294
2020-01-01,BTC/USD,7164.5,7229.0,7147.0,7171.5,121.85875503730044,873910.06175
2019-12-31,BTC/USD,7218.0,7294.5,7113.5,7164.5,80.78744312233931,578801.63625
2019-12-30,BTC/USD,7378.0,7378.0,7197.5,7218.0,860.8529162718205,6213636.34965
2019-12-29,BTC/USD,7298.5,7516.5,7274.5,7380.0,171.52401056910568,1265847.1979999999
2019-12-28,BTC/USD,7244.5,7343.0,7231.5,7298.5,181.37321889429333,1323752.4381
2019-12-27,BTC/USD,7190.0,7248.0,7061.5,7244.5,281.22340530057284,2037322.9597
2019-12-26,BTC/USD,7190.0,7424.5,7140.0,7190.0,277.72003302503475,1996807.03745
2019-12-25,BTC/USD,7252.5,7262.5,7115.5,7190.0,498.42653784422805,3583686.8071
2019-12-24,BTC/USD,7312.0,7425.5,7157.5,7253.0,95.66473539225149,693856.3258
2019-12-23,BTC/USD,7514.5,7689.0,7261.0,7312.0,340.6906500068381,2491130.03285
2019-12-22,BTC/USD,7143.0,7518.0,7126.5,7512.0,129.54017165202342,973105.76945
2019-12-21,BTC/USD,7187.5,7188.0,7116.0,7143.0,33.4363451350973,238835.8133
2019-12-20,BTC/USD,7151.0,7220.0,7079.0,7187.5,165.79658846608694,1191662.9796
2019-12-19,BTC/USD,7285.5,7367.5,7049.0,7151.0,226.94922318556846,1622913.895
2019-12-18,BTC/USD,6616.0,7454.5,6432.5,7284.0,962.4091200713893,7010188.0306
2019-12-17,BTC/USD,6877.0,6931.5,6558.5,6616.0,320.0962751133616,2117756.95615
2019-12-16,BTC/USD,7112.0,7132.5,6815.0,6877.0,247.1553690926276,1699687.47325
2019-12-15,BTC/USD,7064.0,7201.0,7005.5,7112.0,56.08689789791901,398890.01785
2019-12-14,BTC/USD,7250.5,7266.0,7006.0,7064.0,111.07630753114384,784643.0364
2019-12-13,BTC/USD,7187.5,7299.5,7184.0,7250.0,659.1075952068966,4778530.06525
2019-12-12,BTC/USD,7200.5,7284.0,7082.5,7187.5,327.67558768,2355168.28645
2019-12-11,BTC/USD,7218.5,7265.0,7132.0,7200.5,313.09934538573714,2254471.83645
2019-12-10,BTC/USD,7330.5,7380.5,7154.5,7219.0,105.78777742762155,763681.96525
2019-12-09,BTC/USD,7522.5,7644.0,7283.0,7330.5,111.55992196644158,817790.007975
2019-12-08,BTC/USD,7501.5,7572.0,7386.5,7522.5,219.1338945829179,1648434.7219999998
2019-12-07,BTC/USD,7542.5,7636.5,7485.5,7501.5,297.5224615743518,2231864.7455
2019-12-06,BTC/USD,7391.0,7597.0,7309.5,7542.0,452.7888852161231,3414933.7723
2019-12-05,BTC/USD,7199.5,7484.0,7154.5,7391.5,721.1128766488533,5330105.82775
2019-12-04,BTC/USD,7297.0,7765.5,7085.5,7195.0,857.4150662960388,6169101.402000001
2019-12-03,BTC/USD,7300.5,7406.5,7243.0,7296.5,133.6896550195299,975466.56785
2019-12-02,BTC/USD,7398.5,7422.5,7153.0,7301.5,205.10764479216598,1497593.46845
2019-12-01,BTC/USD,7550.0,7550.0,7235.5,7398.0,83.65414791159773,618873.38625
2019-11-30,BTC/USD,7758.0,7819.0,7454.5,7551.0,105.47674220633029,796454.8804
2019-11-29,BTC/USD,7430.5,7863.0,7417.0,7757.5,345.1106930905576,2677196.20165
2019-11-28,BTC/USD,7526.0,7653.0,7373.0,7430.5,409.0074591077316,3039129.9249
2019-11-27,BTC/USD,7163.5,7674.5,6853.0,7525.5,385.3319235399641,2899815.3906
2019-11-26,BTC/USD,7124.5,7334.0,7020.0,7163.5,234.3907218329029,1679057.93585
2019-11-25,BTC/USD,6902.5,7375.0,6525.0,7124.5,759.7822495824269,5413068.63715
2019-11-24,BTC/USD,7322.0,7340.0,6866.0,6902.5,245.99754051430642,1697998.0234
2019-11-23,BTC/USD,7277.5,7350.5,7102.0,7322.0,181.41221422425568,1328300.23255
2019-11-22,BTC/USD,7616.5,7732.5,6770.5,7277.5,3184.303253273789,23173766.9257
2019-11-21,BTC/USD,8082.5,8113.5,7390.0,7616.5,740.2741330729338,5638297.93455
2019-11-20,BTC/USD,8126.0,8213.5,8036.0,8082.5,251.00910539437055,2028781.09435
2019-11-19,BTC/USD,8173.0,8200.0,7978.0,8124.0,323.6026821085672,2628948.18945
2019-11-18,BTC/USD,8497.5,8497.5,8023.0,8173.0,102.02649243851708,833862.5227
2019-11-17,BTC/USD,8480.0,8629.5,8367.5,8499.5,148.2131155126772,1259737.3753
2019-11-16,BTC/USD,8452.0,8527.0,8417.5,8480.0,52.464261179245284,444896.9348
2019-11-15,BTC/USD,8628.0,8777.5,8368.0,8452.0,211.609010186938,1788519.3541
2019-11-14,BTC/USD,8761.5,8786.0,8551.5,8628.0,65.4346541492814,564570.196
2019-11-13,BTC/USD,8816.5,8830.5,8699.5,8761.5,213.7389662500713,1872673.9528
2019-11-12,BTC/USD,8713.0,10000.0,8553.5,8812.0,123.29199030299591,1086449.01855
2019-11-11,BTC/USD,9028.5,9064.5,8587.0,8713.0,106.6829856708367,929528.85415
2019-11-10,BTC/USD,8805.5,9469.0,8749.0,9028.5,118.69814135238408,1071666.1692
2019-11-09,BTC/USD,8759.0,8873.5,8717.5,8805.5,38.767260507637275,341365.1124
2019-11-08,BTC/USD,9202.0,9245.0,8648.5,8759.0,131.79191942573354,1154365.42225
2019-11-07,BTC/USD,9336.0,9365.0,9089.0,9202.0,83.45705053249293,767971.7790000001
2019-11-06,BTC/USD,9310.0,9448.5,9241.5,9335.0,266.13611033743973,2484380.59
2019-11-05,BTC/USD,9408.0,9479.0,9178.0,9313.0,269.7923666702459,2512576.3108
2019-11-04,BTC/USD,9196.0,9580.0,9121.5,9407.5,212.50150443263354,1999107.90295
2019-11-03,BTC/USD,9300.5,9376.0,9065.0,9196.0,92.24742015006522,848307.2757
2019-11-02,BTC/USD,9250.5,9386.0,9204.0,9300.5,259.0302291059621,2409110.6458
2019-11-01,BTC/USD,9152.5,9300.5,9053.5,9250.5,663.6612471812334,6139198.36705
2019-10-31,BTC/USD,9168.5,9431.0,8950.0,9152.5,1074.2764848402076,9832315.5275
2019-10-30,BTC/USD,9435.5,9435.5,8996.5,9168.5,1293.3830076184765,11858382.10535
2019-10-29,BTC/USD,9223.0,9564.5,9106.5,9435.5,1624.0249935191564,15323487.82635
2019-10-28,BTC/USD,9553.0,9940.5,9200.0,9220.5,1404.846908134049,12953390.91645
2019-10-27,BTC/USD,9260.0,9817.5,9110.0,9553.5,426.25363878683197,4072214.13815
2019-10-26,BTC/USD,8667.0,9909.5,8646.5,9259.5,449.5041581996868,4162183.75285
2019-10-25,BTC/USD,7426.0,8715.5,7398.5,8666.5,1485.5128010557894,12874196.69035
2019-10-24,BTC/USD,7470.0,7511.0,7354.5,7426.0,308.1870634258012,2288597.133
2019-10-23,BTC/USD,8024.5,8049.0,7287.0,7470.5,2287.679394993641,17090108.9203
2019-10-22,BTC/USD,8207.5,8309.0,8002.5,8025.0,571.6912206168223,4587822.04545
2019-10-21,BTC/USD,8234.0,8337.0,8155.0,8210.5,99.25298262590584,814916.61385
2019-10-20,BTC/USD,7960.5,8309.0,7876.5,8234.0,241.11286745810054,1985323.35065
2019-10-19,BTC/USD,7952.0,8095.5,7882.5,7962.5,155.54052988383046,1238491.4692
2019-10-18,BTC/USD,8072.5,8117.0,7820.5,7952.0,105.74711497736419,840901.0583
2019-10-17,BTC/USD,7995.0,8125.5,7936.0,8072.5,158.16324290492412,1276772.77835
2019-10-16,BTC/USD,8162.5,8174.0,7914.0,7993.5,86.64275303684244,692578.8464
2019-10-15,BTC/USD,8354.5,8415.5,8045.0,8162.5,280.42263660643187,2288949.7713
2019-10-14,BTC/USD,8282.5,8393.0,8218.0,8354.5,183.88444485606558,1536262.59455
2019-10-13,BTC/USD,8305.5,8463.5,8161.0,8282.5,128.81346474494416,1066897.52175
2019-10-12,BTC/USD,8263.5,8406.0,8255.0,8305.5,31.24945032809584,259542.3097
2019-10-11,BTC/USD,8587.5,8804.0,8232.5,8263.5,424.68089490530645,3509350.57505
2019-10-10,BTC/USD,8585.5,8649.5,8448.0,8587.5,506.9878756331878,4353758.382
2019-10-09,BTC/USD,8175.0,8694.5,8112.5,8585.5,853.6202136218042,7328756.34405
2019-10-08,BTC/USD,8205.5,8339.0,8103.0,8174.5,52.5789218851306,429806.39695
2019-10-07,BTC/USD,7862.5,8305.0,7772.0,8205.0,310.7357476965265,2549586.80985
2019-10-06,BTC/USD,8147.0,8169.0,7796.5,7862.5,326.2918201017488,2565469.43555
2019-10-05,BTC/USD,8160.0,8201.5,8024.5,8147.0,109.78711806800051,894435.6509
2019-10-04,BTC/USD,8247.5,8250.5,8013.0,8160.0,82.86331011029411,676164.6105
2019-10-03,BTC/USD,8383.5,8412.5,8083.5,8247.5,178.44829454986362,1471752.3093
2019-10-02,BTC/USD,8324.0,8390.0,8180.5,8383.5,160.9347168843562,1349196.199
2019-10-01,BTC/USD,8302.0,8527.5,8199.5,8324.0,226.99042064512253,1889468.26145
2019-09-30,BTC/USD,8056.5,8348.5,7713.0,8302.0,345.8188719284509,2870988.27475
2019-09-29,BTC/USD,8218.5,8241.0,7908.0,8056.5,45.609053099981395,367449.3363
2019-09-28,BTC/USD,8194.5,8335.0,8023.5,8218.5,67.66540077264708,556108.09625
2019-09-27,BTC/USD,8067.0,8289.5,7869.5,8194.5,53.281479364207705,436615.08265
2019-09-26,BTC/USD,8426.0,8459.5,7749.0,8067.0,270.3655197843064,2181038.6481
2019-09-25,BTC/USD,8530.5,8742.5,8241.0,8426.5,377.437335530766,3180475.70785
2019-09-24,BTC/USD,9689.5,9774.5,8073.5,8532.5,661.3545955523,5643008.08655
2019-09-23,BTC/USD,10031.5,10047.0,9617.0,9689.5,293.64585651478404,2845281.5267
2019-09-22,BTC/USD,9973.5,10080.0,9850.0,10030.5,1279.3040473256567,12832059.2467
2019-09-21,BTC/USD,10159.0,10160.5,9919.0,9973.5,76.57818926655638,763752.57065
2019-09-20,BTC/USD,10268.5,10306.5,10060.5,10159.0,521.7226603553501,5300180.50655
2019-09-19,BTC/USD,10154.0,10356.5,9617.0,10268.5,186.9213066562789,1919401.4374
2019-09-18,BTC/USD,10187.0,10257.5,10101.0,10154.0,71.26227909198346,723597.1819
2019-09-17,BTC/USD,10269.0,10276.5,10131.0,10187.0,179.27206931873954,1826244.57015
2019-09-16,BTC/USD,10304.5,10374.0,10087.0,10269.0,160.93621578050443,1652653.99985
2019-09-15,BTC/USD,10358.5,10378.5,10269.0,10304.5,81.64450801106312,841305.8328
2019-09-14,BTC/USD,10370.0,10453.5,10238.0,10358.5,160.62083731717914,1663790.94335
2019-09-13,BTC/USD,10432.0,10457.5,10169.0,10370.0,201.4058769816779,2088578.9443
2019-09-12,BTC/USD,10161.0,10466.5,10042.0,10432.0,176.2123156729294,1838246.8771
2019-09-11,BTC/USD,10103.5,10280.0,9869.0,10161.0,170.4613257799429,1732057.53125
2019-09-10,BTC/USD,10308.0,10390.5,9938.5,10099.0,95.30649396969996,962500.2826
2019-09-09,BTC/USD,10409.5,10534.5,10085.0,10308.0,71.83493790259993,740474.5399
2019-09-08,BTC/USD,10487.5,10596.5,10248.5,10409.5,26.250616691483735,273255.79445
2019-09-07,BTC/USD,10316.0,10577.5,10312.5,10487.5,25.63599777353993,268857.52665
2019-09-06,BTC/USD,10579.5,10944.5,10208.0,10316.0,109.06488935149284,1125113.39855
2019-09-05,BTC/USD,10583.5,10662.5,10471.0,10579.5,211.08871489200814,2233213.0592
2019-09-04,BTC/USD,10635.0,10824.5,10386.5,10583.5,167.1222429016866,1768738.25775
2019-09-03,BTC/USD,10386.5,10777.0,10294.0,10635.0,206.63801834978844,2197595.32515
2019-09-02,BTC/USD,9773.0,10473.5,9755.0,10386.5,90.74644290184374,942537.9292
2019-09-01,BTC/USD,9603.5,9836.5,9546.0,9773.0,11.662789302159009,113980.43985
2019-08-31,BTC/USD,9582.5,9696.5,9452.0,9603.5,13.999524636851149,134444.43485
2019-08-30,BTC/USD,9493.5,9698.0,9359.5,9582.5,115.20862916775371,1103986.689
2019-08-29,BTC/USD,9718.5,9718.5,9326.0,9493.5,100.45615163006265,953680.4755
2019-08-28,BTC/USD,10176.0,10281.5,9573.5,9718.5,169.91516019961927,1651320.4844
2019-08-27,BTC/USD,10363.5,10379.0,10034.0,10176.0,87.13000158706761,886634.89615
2019-08-26,BTC/USD,10138.0,10660.5,10138.0,10363.5,103.64827923963912,1074158.9419
2019-08-25,BTC/USD,10148.0,10360.0,9911.5,10140.5,178.39230284009662,1808987.14695
2019-08-24,BTC/USD,10413.0,10434.5,9891.5,10148.0,94.65902951813163,960599.83155
2019-08-23,BTC/USD,10111.5,10466.5,10044.0,10413.0,1389.3770848794775,14467583.58485
2019-08-22,BTC/USD,10127.5,10235.5,9759.0,10112.5,597.3461303535229,6040662.7432
2019-08-21,BTC/USD,10763.5,10804.0,9853.0,10128.5,181.36876326208224,1836993.5187
2019-08-20,BTC/USD,10925.5,10955.5,10570.5,10766.0,115.49174822125208,1243384.16135
2019-08-19,BTC/USD,10318.5,10937.0,10273.0,10924.5,167.84841477413156,1833660.0072
2019-08-18,BTC/USD,10218.0,10510.0,10073.0,10318.5,96.2197907883898,992843.91125
2019-08-17,BTC/USD,10358.0,10474.5,9990.5,10218.0,192.932775826972,1971387.1034
2019-08-16,BTC/USD,10297.5,10542.5,9752.5,10358.0,235.04295539679475,2434574.932
2019-08-15,BTC/USD,10017.5,10446.5,9482.5,10297.5,99.32520212672979,1022801.2689
2019-08-14,BTC/USD,10860.5,10862.5,9904.5,10022.5,230.27548214018455,2307936.01975
2019-08-13,BTC/USD,11391.0,11443.0,10748.0,10860.5,93.79463404539386,1018656.62305
2019-08-12,BTC/USD,11538.0,11557.5,11226.5,11391.0,112.72792437889562,1284083.7866
2019-08-11,BTC/USD,11278.5,11584.0,11097.0,11538.0,166.12336071676202,1916731.33595
2019-08-10,BTC/USD,11866.5,11983.0,11192.0,11278.5,130.50147204858806,1471860.8525
2019-08-09,BTC/USD,11985.0,12036.0,11658.5,11866.5,175.76266250368684,2085687.6346
2019-08-08,BTC/USD,11972.5,12066.5,11467.0,11985.0,276.53941057154776,3314324.8357
2019-08-07,BTC/USD,11465.5,12146.0,11384.0,11972.5,269.6452166214241,3228327.356
2019-08-06,BTC/USD,11808.0,12319.0,11208.0,11465.5,589.0378946840523,6753613.9815
2019-08-05,BTC/USD,10980.0,11959.0,10980.0,11808.0,292.14136362212065,3449605.22165
2019-08-04,BTC/USD,10821.0,11088.5,10582.5,10979.0,180.94830028235717,1986631.3888
2019-08-03,BTC/USD,10532.0,10921.0,10513.5,10821.0,200.03327854172443,2164560.1071
2019-08-02,BTC/USD,10408.5,10668.5,10334.0,10532.0,245.84896183061142,2589281.266
2019-08-01,BTC/USD,10094.0,10489.5,9880.5,10408.5,1211.87789663256,12613831.0871
2019-07-31,BTC/USD,9586.5,10124.0,9570.0,10094.0,2691.959346354269,27172637.6421
2019-07-30,BTC/USD,9496.0,9759.5,9385.0,9586.5,1219.0416816147708,11686343.0808
2019-07-29,BTC/USD,9530.5,9717.0,9373.5,9496.0,824.6782565659224,7831144.72435
2019-07-28,BTC/USD,9471.5,9590.5,9112.0,9531.5,1.9016811467240204,18125.87385
2019-07-27,BTC/USD,9843.5,10293.5,9293.0,9471.5,1.37715032993718,13043.67935
2019-07-26,BTC/USD,9882.5,9919.0,9658.5,9843.5,0.11182071417686801,1100.7072
2019-07-25,BTC/USD,9770.5,10187.5,9740.0,9882.5,0.19242597520870225,1901.6497
2019-07-24,BTC/USD,9840.5,9919.5,9515.5,9770.5,0.00039601862750115134,3.8693
2019-07-23,BTC/USD,10324.0,10330.5,9806.0,9843.5,4.946646528165795,48692.3151
2019-07-22,BTC/USD,10594.5,10688.5,10078.0,10323.5,0.10190826754492176,1052.05
2019-07-21,BTC/USD,10529.0,10655.0,10330.0,10594.5,0.008862697626126764,93.89585
